product_id,code,name,cached_stock,actual_stock,difference,status,issue
1,PRDMIGRATION,PRDMIGRATION,0.0,0.0,0.0,OK,
2,3571940000179,NOREVA TRIO WHITE XP SOIN DE JOUR FL30ML,10.0,1.0,-9.0,MISMATCH,CACHE_MISMATCH
3,3571940002180,NOREVA TRIO WHITE XP CREME DE NUIT FL30ML,10.0,0.0,-10.0,MISMATCH,CACHE_MISMATCH
4,3571940000186,NOREVA TRIO WHITE XP SERUM 30ML,10.0,1.0,-9.0,MISMATCH,CACHE_MISMATCH
5,3571940000193,NOREVA TRIO WHITE XP SOIN DE JOUR SPF 50+ FL40ML,10.0,1.0,-9.0,MISMATCH,CACHE_MISMATCH
6,3401572288297,BIO SEBIUM H2O F250ML,10.0,0.0,-10.0,MISMATCH,CACHE_MISMATCH
7,3401353806399,BIO SEBIUM GEL MOUSSANT T200 ML,10.0,0.0,-10.0,MISMATCH,CACHE_MISMATCH
8,3401572288129,BIO CREALINE H2O F250ML,10.0,2.0,-8.0,MISMATCH,CACHE_MISMATCH
9,3701129805008,BIO CREALINE H2O F500ML,10.0,0.0,-10.0,MISMATCH,CACHE_MISMATCH
10,3401564695546,BIO CICABIO CREME 50+ T30ML,10.0,1.0,-9.0,MISMATCH,CACHE_MISMATCH
11,3701129805343,BIO ATODERM CREME ULTRA 500ML,10.0,1.0,-9.0,MISMATCH,CACHE_MISMATCH
12,3401399694127,BIO HYDRABIO H2O 250ML,10.0,0.0,-10.0,MISMATCH,CACHE_MISMATCH
13,3701129800119,BIO PIGMENTBIO C-CONCENTRATE F15ML,10.0,2.0,-8.0,MISMATCH,CACHE_MISMATCH
14,3701129800096,BIO PIGMENTBIO SENSITIVE AREAS T75ML,10.0,1.0,-9.0,MISMATCH,CACHE_MISMATCH
15,3701129800072,BIO PIGMENTBIO DAILY CARE SPF50+,10.0,1.0,-9.0,MISMATCH,CACHE_MISMATCH
16,3701129800553,BIO PIGMENTBIO FOAMING CREAM F500ML,10.0,1.0,-9.0,MISMATCH,CACHE_MISMATCH
17,3701129807385,BIO PHOTODERM MAX AQUAFLUIDE  SPF50 NEUTRE T40ml,10.0,1.0,-9.0,MISMATCH,CACHE_MISMATCH
18,3401399277092,BIO SEBIUM GEL MOUSSANT FP 500 ML,10.0,0.0,-10.0,MISMATCH,CACHE_MISMATCH
19,3337875597388,CERAVE BAUME HYDRATANT 454ML,10.0,0.0,-10.0,MISMATCH,CACHE_MISMATCH
20,3337875597180,CERAVE CREME LAVANTE 236ML,10.0,1.0,-9.0,MISMATCH,CACHE_MISMATCH
21,3337875597333,CERAVE CREME LAVANTE 473ML,10.0,1.0,-9.0,MISMATCH,CACHE_MISMATCH
22,3337875743563,CERAVE CREME MOUSSANTE 236ML,10.0,1.0,-9.0,MISMATCH,CACHE_MISMATCH
23,3337875597272,CERAVE CREME REPARATRICE YEUX 15ML,10.0,3.0,-7.0,MISMATCH,CACHE_MISMATCH
24,3337875684101,CERAVE CREME SA ANTI RUGOSITES 340ML,10.0,1.0,-9.0,MISMATCH,CACHE_MISMATCH
25,3337875684118,CERAVE GEL NETTOYANT ANTI RUGOSITES 236ML,10.0,1.0,-9.0,MISMATCH,CACHE_MISMATCH
26,3337875597449,CERAVE CREME VISAGE NUIT 52ML,10.0,1.0,-9.0,MISMATCH,CACHE_MISMATCH
27,3337875597197,CERAVE GEL MOUSSANT 236ML,10.0,0.0,-10.0,MISMATCH,CACHE_MISMATCH
28,3337875597357,CERAVE GEL MOUSSANT 473ML,10.0,2.0,-8.0,MISMATCH,CACHE_MISMATCH
29,3337875597210,CERAVE LAIT HYDRATANT 236ML,10.0,2.0,-8.0,MISMATCH,CACHE_MISMATCH
30,3337875597395,CERAVE LAIT HYDRATANT 473ML,10.0,0.0,-10.0,MISMATCH,CACHE_MISMATCH
31,3337875597227,CERAVEBAUME HYDRATANT 340g,10.0,0.0,-10.0,MISMATCH,CACHE_MISMATCH
32,3337875784054,CERAVEGEL MOUSSANT ANTI-IMPERF 236ML,10.0,3.0,-7.0,MISMATCH,CACHE_MISMATCH
33,3337875795456,CERAVEGEL NETTOYANT ANTI RUGOSITES 473ML,10.0,0.0,-10.0,MISMATCH,CACHE_MISMATCH
34,3337875840620,CERAVE CREME HYDRATANTE VISAGE SPF30+ 52ML,10.0,0.0,-10.0,MISMATCH,CACHE_MISMATCH
35,3337875597203,EUC EAU MICELLAIRE 295ML,10.0,1.0,-9.0,MISMATCH,CACHE_MISMATCH
36,4005800210617,EUC ANTI-PIGMENT SERUM DUO FP30ML,10.0,0.0,-10.0,MISMATCH,CACHE_MISMATCH
37,4005800347467,EUC ANTI-PIGMENT GEL NETTOYANT FP400ML,10.0,1.0,-9.0,MISMATCH,CACHE_MISMATCH
38,4005800323713,EUC ANTI-PIGMENT SOIN CONT. YEUX ILLUMIN. CORRECT.,10.0,2.0,-8.0,MISMATCH,CACHE_MISMATCH
39,4005800213014,EUC ANTI-PIGMENT SOIN DE JOUR FP50ML,10.0,1.0,-9.0,MISMATCH,CACHE_MISMATCH
40,4005800320712,EUC SUN PHOTOAGING CONTROL FLUID SPF 50 L-P 50 ML,10.0,1.0,-9.0,MISMATCH,CACHE_MISMATCH
41,4005800147388,EUC SUN HYDRO PROTECT FLUIDE ULTRA-LEGER SPF 50+T-,10.0,1.0,-9.0,MISMATCH,CACHE_MISMATCH
42,3282770145175,DUC KERACNYL UV SPF50+ FLUID 50ML,10.0,2.0,-8.0,MISMATCH,CACHE_MISMATCH
43,3282770205626,DUC ICTYANE ECLAT LAIT 400ML,10.0,2.0,-8.0,MISMATCH,CACHE_MISMATCH
44,3282770208849,DUC ICTYANE PAIN  100 G,10.0,0.0,-10.0,MISMATCH,CACHE_MISMATCH
45,3282779370660,DUC ICTYANE STICK LEVRE TREALO 3G,10.0,1.0,-9.0,MISMATCH,CACHE_MISMATCH
46,3282770141320,DUC KERACNYL SOIN PP 30ML,10.0,0.0,-10.0,MISMATCH,CACHE_MISMATCH
47,3282770075533,DUC ANAPHASE SHP 200 ML,10.0,2.0,-8.0,MISMATCH,CACHE_MISMATCH
48,3282770204780,DUC ICTYANE LAIT HYDRATANT 400 ML,10.0,1.0,-9.0,MISMATCH,CACHE_MISMATCH
49,3282770389593,DUC MELASCREEN SERUM ECLAT 40ML,10.0,2.0,-8.0,MISMATCH,CACHE_MISMATCH
50,3282770389272,DUC MELASCREEN FLUIDE 50+ 50ML,10.0,0.0,-10.0,MISMATCH,CACHE_MISMATCH
51,3282770141382,DUC KERACNYL GEL MOUSANT 400 ML,10.0,0.0,-10.0,MISMATCH,CACHE_MISMATCH
52,3282770073683,DUC ANAPHAS APRES SHAMPO 200ML,10.0,2.0,-8.0,MISMATCH,CACHE_MISMATCH
53,3282770203455,DUC ICTYANE CREME MAINS 50 ML,10.0,1.0,-9.0,MISMATCH,CACHE_MISMATCH
54,3282770114096,AVN TriXera PAIN COLD CR 100G,10.0,0.0,-10.0,MISMATCH,CACHE_MISMATCH
55,3282770207811,AVN CLEANANCE EAU MICELLAIRE 400 ML,10.0,1.0,-9.0,MISMATCH,CACHE_MISMATCH
56,3282770390414,AVN CLEANANCE COMEDOMED ANTI-IMP 30ML,10.0,1.0,-9.0,MISMATCH,CACHE_MISMATCH
57,3282770392654,AVN ULTRA FLUIDE 50+ 50ML,10.0,1.0,-9.0,MISMATCH,CACHE_MISMATCH
58,3282770019919,AVN CLEANANCE SAVON 100G,10.0,1.0,-9.0,MISMATCH,CACHE_MISMATCH
59,3282770389883,AVN XERACALM HUILE 400 ML,10.0,0.0,-10.0,MISMATCH,CACHE_MISMATCH
60,3282770393477,AVN VITAMIN ACTIV Cg SERUM 30ML,10.0,1.0,-9.0,MISMATCH,CACHE_MISMATCH
61,3282770207774,AVN CLEANANCE GEL 400 ML,10.0,0.0,-10.0,MISMATCH,CACHE_MISMATCH
62,3282770139204,AVN CLEANANCE GEL 200 ML,10.0,1.0,-9.0,MISMATCH,CACHE_MISMATCH
63,3337875890069,LRP LRP MELA B3 GEL MICROPEELING 200ML,10.0,1.0,-9.0,MISMATCH,CACHE_MISMATCH
64,3337875694469,LRP LRP RETINOL B3 SERUM 30ML,10.0,2.0,-8.0,MISMATCH,CACHE_MISMATCH
65,3337872413025,LRP LRP EFFACLAR MAT T40ML,10.0,0.0,-10.0,MISMATCH,CACHE_MISMATCH
66,3337875816847,LRP CICAPLAST BALM B5 T100ML,10.0,2.0,-8.0,MISMATCH,CACHE_MISMATCH
67,3337875863377,LRP EFFACLAR DUO+ CR T40ML,10.0,2.0,-8.0,MISMATCH,CACHE_MISMATCH
68,3433422404533,LRP LIPIKAR PAIN SURGRAS 150 GM,10.0,2.0,-8.0,MISMATCH,CACHE_MISMATCH
69,3337875613491,LRP EFFACLAR K+ T30ML FREN,10.0,2.0,-8.0,MISMATCH,CACHE_MISMATCH
70,3433422408357,LRP EFFACLAR EAU MICEL FL200ML,10.0,1.0,-9.0,MISMATCH,CACHE_MISMATCH
71,3433422408159,LRP EFFACLAR LT ASTRING F200ML,10.0,0.0,-10.0,MISMATCH,CACHE_MISMATCH
72,3337875549486,LRP EFFACLAR GEL MOUSS T300ML,10.0,1.0,-9.0,MISMATCH,CACHE_MISMATCH
73,3337875545822,LRP TOLERIANE GEL MOUSSANT 400ML,10.0,1.0,-9.0,MISMATCH,CACHE_MISMATCH
74,3337875722827,LRP EFFACLAR SERUM ULTRA CONCEN 30ML,10.0,0.0,-10.0,MISMATCH,CACHE_MISMATCH
75,3337875537315,LRP LIPIKAR SYNDET AP+ FL400ML,10.0,1.0,-9.0,MISMATCH,CACHE_MISMATCH
76,3433422404403,LRP EAU THERMALE  300ML,10.0,0.0,-10.0,MISMATCH,CACHE_MISMATCH
77,3337875583626,LRP HYALU B5 SERUM 30ML,10.0,0.0,-10.0,MISMATCH,CACHE_MISMATCH
78,3337872411083,LRP EFFACLAR GEL MOUSS T200ML,10.0,0.0,-10.0,MISMATCH,CACHE_MISMATCH
79,3337875548519,LRP CICAPLAST GEL LAVANT B5 200ML,10.0,1.0,-9.0,MISMATCH,CACHE_MISMATCH
80,3337872418785,LRP LIPIKAR GEL LAVANT 400ML,10.0,0.0,-10.0,MISMATCH,CACHE_MISMATCH
81,3337875797719,LRP ANT UVMUNE ULTCR SP50+ T50ML,10.0,2.0,-8.0,MISMATCH,CACHE_MISMATCH
82,3337875546430,LRP ANT UVMUNE OILCONT. GEL-CREME SPF50+T50ML,10.0,0.0,-10.0,MISMATCH,CACHE_MISMATCH
83,3337875876940,LRP CICAPLAST BALM B5 SPF50+ T40ML,10.0,0.0,-10.0,MISMATCH,CACHE_MISMATCH
84,3337875578486,LRP TOLERIANE SENSITIVE CREME T40ML,10.0,1.0,-9.0,MISMATCH,CACHE_MISMATCH
85,3337872412158,LRP DEO PHYSIO BILLE 50ML,10.0,0.0,-10.0,MISMATCH,CACHE_MISMATCH
86,3337875890113,LRP MELA B3 SOIN SPF30 40ML,10.0,3.0,-7.0,MISMATCH,CACHE_MISMATCH
87,3337875763790,LRP LIPIKAR BAUME AP+M 200ML,10.0,1.0,-9.0,MISMATCH,CACHE_MISMATCH
88,3337875696838,LRP ANT SPRAY AP 50+ F200ML,10.0,1.0,-9.0,MISMATCH,CACHE_MISMATCH
89,3337875797597,LRP ANT UVMUNE FLU SP50+ T50ML,10.0,2.0,-8.0,MISMATCH,CACHE_MISMATCH
90,30070349,LRP NUTRITIC STICK LEVRE 4.7ML,10.0,1.0,-9.0,MISMATCH,CACHE_MISMATCH
91,3337875909235,LRP PURE VIT C12 SERUM 30ML,10.0,1.0,-9.0,MISMATCH,CACHE_MISMATCH
92,3433422408586,LRP LIPIKAR SURG LIQUID T400ML,10.0,0.0,-10.0,MISMATCH,CACHE_MISMATCH
93,3662361000999,SVR CLAIRIAL NIGHT PEEL 50ML,10.0,2.0,-8.0,MISMATCH,CACHE_MISMATCH
94,3662361001835,SVR SEBIACLEAR ACTIVE+ RENO 40ML,10.0,0.0,-10.0,MISMATCH,CACHE_MISMATCH
95,3662361003402,SVR SEBIACLEAR GEL MOUSSANT 400ML,10.0,1.0,-9.0,MISMATCH,CACHE_MISMATCH
96,3662361003037,SVR CLAIRIAL SPF50+ LUM VISIBLE 50ML,10.0,0.0,-10.0,MISMATCH,CACHE_MISMATCH
97,3662361003396,SVR SEBIACLEAR GEL MOUSSANT 200ML,10.0,2.0,-8.0,MISMATCH,CACHE_MISMATCH
98,3401360167872,SVR SENSIFINE AR CREME 40ML,10.0,1.0,-9.0,MISMATCH,CACHE_MISMATCH
99,3401381328993,SVR SPIRIAL ROLL\'ON 50ML,10.0,0.0,-10.0,MISMATCH,CACHE_MISMATCH
100,3662361003860,SVR SPIRIAL ROLL\'ON NAT 50ML,10.0,1.0,-9.0,MISMATCH,CACHE_MISMATCH
101,3662361001880,SVR TOPIALYSE GEL LAVANT 200ML,10.0,1.0,-9.0,MISMATCH,CACHE_MISMATCH
102,3662361001705,SVR SUN SECURE CREME SPF50+ RENO 50ML,10.0,0.0,-10.0,MISMATCH,CACHE_MISMATCH
103,3401381381981,SVR TOPIALYSE MAINS SECHES 50ML,10.0,1.0,-9.0,MISMATCH,CACHE_MISMATCH
104,3661434006159,UR BARIEDERM CICA CREME REPAR T 15ML,10.0,1.0,-9.0,MISMATCH,CACHE_MISMATCH
105,3661434004735,UR BARIEDERM CICA CREME T 40ML,10.0,0.0,-10.0,MISMATCH,CACHE_MISMATCH
106,3661434008962,UR BARIEDERM CICA GEL NETTOYANT  T 200ML,10.0,1.0,-9.0,MISMATCH,CACHE_MISMATCH
107,3661434009778,UR DEPIDERM SPF50+ SOIN DE JOUR F 30ML,10.0,1.0,-9.0,MISMATCH,CACHE_MISMATCH
108,3661434005459,UR BARIEDERM CICA LEVRES PROT T 15ML,10.0,0.0,-10.0,MISMATCH,CACHE_MISMATCH
109,3661434011931,UR BARIEDERM CICA-DAILY SERUM FP 30ML,10.0,1.0,-9.0,MISMATCH,CACHE_MISMATCH
110,3661434011979,UR BARIESUN SPF50+ FLUID 100 F 50ML,10.0,1.0,-9.0,MISMATCH,CACHE_MISMATCH
111,3661434008917,UR BARIESUN SPF50+ FLUIDE ANTI TACHE T 40ML,10.0,1.0,-9.0,MISMATCH,CACHE_MISMATCH
112,3661434009525,UR EAU THERM. SERUM BOOSTER H.A. 30ML,10.0,0.0,-10.0,MISMATCH,CACHE_MISMATCH
113,3661434000515,UR EAU THERMALE SPR 150ML,10.0,1.0,-9.0,MISMATCH,CACHE_MISMATCH
114,3661434007408,UR DS HAIR SHAMP EQUILIBRANT  F 200ML,10.0,0.0,-10.0,MISMATCH,CACHE_MISMATCH
115,5999566330483,GG MIGHTY MELT,10.0,7.0,-3.0,MISMATCH,CACHE_MISMATCH
116,5999566330261,GG JELLY JOKER,5.0,1.0,-4.0,MISMATCH,CACHE_MISMATCH
117,5999566330247,GG LIQUID HYDRATION,5.0,6.0,1.0,MISMATCH,CACHE_MISMATCH
118,5999566330445,GG HAPPIER BARRIER,5.0,4.0,-1.0,MISMATCH,CACHE_MISMATCH
119,5999566330155,GG C-GLOW,3.0,6.0,3.0,MISMATCH,CACHE_MISMATCH
120,5999566330643,GG POWER PEPTIDES,9.0,3.0,-6.0,MISMATCH,CACHE_MISMATCH
121,5999566330148,GG aPAD,9.0,7.0,-2.0,MISMATCH,CACHE_MISMATCH
122,5999566330162,GG B-Bomb,4.0,6.0,2.0,MISMATCH,CACHE_MISMATCH
123,5999566330360,GG Porefectly Clear,8.0,4.0,-4.0,MISMATCH,CACHE_MISMATCH
124,5999566330131,GG HA 5 Rich,5.0,8.0,3.0,MISMATCH,CACHE_MISMATCH
125,8806133613801,DRC ROYAL VITA PROPOLIS 33 AMPOULE JUMBO,6.0,4.0,-2.0,MISMATCH,CACHE_MISMATCH
126,8809076776473,BTS VEGAN RETINAL BAKUCHIOL SERUM,5.0,6.0,1.0,MISMATCH,CACHE_MISMATCH
127,8809844993101,JART CERAMIDIN SKIN BARRIER MOISTURIZING CREAM,5.0,1.0,-4.0,MISMATCH,CACHE_MISMATCH
128,8809724477271,JART Pore-remedy PHA Exfoliating Serum,5.0,5.0,0.0,OK,
131,3337871328795,VICHY LIFTACTIV SUPR HA CREM JOUR 50ML,10.0,1.0,-9.0,MISMATCH,CACHE_MISMATCH
132,3337871308612,VICHY EAU TH MINERALISANTE 150ML,10.0,1.0,-9.0,MISMATCH,CACHE_MISMATCH
133,3337871330262,VICHY SH ANTIPE CH SEC F200ML,10.0,1.0,-9.0,MISMATCH,CACHE_MISMATCH
134,3337871330286,VICHY SH ANTIPE CH GR F200ML,10.0,0.0,-10.0,MISMATCH,CACHE_MISMATCH
135,3337871311292,VICHY DT SH ENERGISAN FL200ML,10.0,2.0,-8.0,MISMATCH,CACHE_MISMATCH
136,3337871310592,VICHY AEROSOL AT INTENSE 48H 125ML,10.0,1.0,-9.0,MISMATCH,CACHE_MISMATCH
137,3337871320362,VICHY BILLE AT CONTROLE EXTR 72H 50ML,10.0,1.0,-9.0,MISMATCH,CACHE_MISMATCH
138,3337871320379,VICHY BILLE DEO PS 50ML 48H,10.0,1.0,-9.0,MISMATCH,CACHE_MISMATCH
139,3337871323622,VICHY CS EMULSION TOUCHER SEC SPF50 50ML,10.0,0.0,-10.0,MISMATCH,CACHE_MISMATCH
140,3337875837149,VICHY VCS F UV CLEAR SPF50 40ML,10.0,1.0,-9.0,MISMATCH,CACHE_MISMATCH
141,3337875762298,VICHY CS FLUIDE UV-AGE DAILY SPF50+,10.0,1.0,-9.0,MISMATCH,CACHE_MISMATCH
142,3337871322502,VICHY Liftactive Supreme Nuit 50ml,10.0,1.0,-9.0,MISMATCH,CACHE_MISMATCH
143,3337875607254,VICHY LIFT COLLAGEN SPE JOUR J50ML,10.0,2.0,-8.0,MISMATCH,CACHE_MISMATCH
144,3337871322502,LIFT DAY CR COLLAGEN 50ML,10.0,1.0,-9.0,MISMATCH,CACHE_MISMATCH
145,898220015542,CGN Hydrolyzed Collagen Type I & III,8.0,8.0,0.0,OK,
146,733739032553,'NOW Melatonin,2.0,3.0,1.0,MISMATCH,CACHE_MISMATCH
147,793574995192,NC Prostate Support,4.0,4.0,0.0,OK,
148,733739015204,'NOW Zinc,2.0,6.0,4.0,MISMATCH,CACHE_MISMATCH
149,733739047212,'NOW Maca,2.0,4.0,2.0,MISMATCH,CACHE_MISMATCH
150,898220016938,'LAN Bee Propolis,0,5.0,5.0,MISMATCH,CACHE_MISMATCH
151,737870154112,'LE Glutathione,2.0,3.0,1.0,MISMATCH,CACHE_MISMATCH
152,609492800206,MRM Moringa Leaf 600mg,3.0,3.0,0.0,OK,
153,810014679372,NUTRI L-Theanine 200mg,5.0,3.0,-2.0,MISMATCH,CACHE_MISMATCH
154,087614020730,'SWANSON Albion®,0,1.0,1.0,MISMATCH,CACHE_MISMATCH
155,087614019132,SWANSON Tri-Fiber Complex,4.0,3.0,-1.0,MISMATCH,CACHE_MISMATCH
156,733739024107,'NOW Brewer\'s Yeast,2.0,4.0,2.0,MISMATCH,CACHE_MISMATCH
157,305731347623,'CENTRUM Men\'s Multivitamin Gummies,2.0,4.0,2.0,MISMATCH,CACHE_MISMATCH
158,305731348064,'CENTRUM Women\'s Multivitamin Gummies,2.0,3.0,1.0,MISMATCH,CACHE_MISMATCH
159,898220009527,CGN Omega-3 Premium Fish Oil,8.0,4.0,-4.0,MISMATCH,CACHE_MISMATCH
160,737870190431,LF NAD+ Cell Regenerator,3.0,3.0,0.0,OK,
161,810126660732,'FF NMN,2.0,2.0,0.0,OK,
162,733739031556,'NOW Hyaluronic Acid,2.0,4.0,2.0,MISMATCH,CACHE_MISMATCH
163,733739032515,'NOW Astaxanthin,2.0,3.0,1.0,MISMATCH,CACHE_MISMATCH
164,737870889069,'LE Rhodiola Extract,2.0,6.0,4.0,MISMATCH,CACHE_MISMATCH
165,733739029263,'NOW Probiotic-10,2.0,4.0,2.0,MISMATCH,CACHE_MISMATCH
166,087614111360,'SWANSON Full Spectrum® Korean Red Ginseng Root,2.0,3.0,1.0,MISMATCH,CACHE_MISMATCH
167,087614028033,'SWANSON Albion,2.0,0.0,-2.0,MISMATCH,CACHE_MISMATCH
168,087614110097,'SWANSON Glucosamine,2.0,3.0,1.0,MISMATCH,CACHE_MISMATCH
169,898220009312,'CGN Gold C™,2.0,3.0,1.0,MISMATCH,CACHE_MISMATCH
170,087614019574,SWANSON Full Spectrum® Ashwagandha,7.0,6.0,-1.0,MISMATCH,CACHE_MISMATCH
171,8435415080385,Scandal Absolu Homme,2.0,0.0,-2.0,MISMATCH,CACHE_MISMATCH
172,888066075145,Ombré Leather,2.0,2.0,0.0,OK,
173,888066004503,Tobacco Vanilla,2.0,2.0,0.0,OK,
174,3700559603116,Baccarat Rouge,2.0,2.0,0.0,OK,
175,3700559602188,L’Eau De La Rose,2.0,2.0,0.0,OK,
176,370055966513,Oud Satin Mood,2.0,2.0,0.0,OK,
177,3700559605905,PARFUM Baccarat Rouge Extrait,2.0,2.0,0.0,OK,
178,3700559613610,PARFUM MAISON FRA KUR  724,2.0,2.0,0.0,OK,
179,3614272761469,Donna Born In Roma,2.0,2.0,0.0,OK,
180,3614273790826,Donna Born In Roma Intense,2.0,2.0,0.0,OK,
181,3614273261425,VALENTINO Uomo Born In Roma Yellow Dream,2.0,2.0,0.0,OK,
182,842185115861,Santal 33,2.0,2.0,0.0,OK,
183,3700578502681,Haltane,2.0,2.0,0.0,OK,
184,3700578502322,Layton,2.0,2.0,0.0,OK,
185,3700578521002,Delina,2.0,2.0,0.0,OK,
186,3700578503046,Valaya,2.0,2.0,0.0,OK,
187,3348901687164,PARFUM OUD ISPAHAN,2.0,1.0,-1.0,MISMATCH,CACHE_MISMATCH
188,506037918881,Burlington 1819,2.0,2.0,0.0,OK,
189,506037917389,Oceania,2.0,2.0,0.0,OK,
190,8681008055180,Hacivat,2.0,2.0,0.0,OK,
191,8681008055173,Hundred Silent Ways,2.0,2.0,0.0,OK,
192,3605521932105,Jazz Club,2.0,2.0,0.0,OK,
193,3614273939973,From The Garden,2.0,2.0,0.0,OK,
194,7340032806182,Bal d’Afrique,2.0,2.0,0.0,OK,
195,7340032806168,Gypsy Water,2.0,2.0,0.0,OK,
196,VV4006,NO. 4006 Fragrance Oil for Cold Air Diffusers - In,0.0,0.0,0.0,OK,
197,VV004002,VV NO. 4002 Fragrance Oil for Cold Air Diffusers -,2.0,2.0,0.0,OK,
198,VV003115,VV NO. 3115 Fragrance Oil for Cold Air Diffusers -,2.0,2.0,0.0,OK,
199,VV000100,VV NO. 100 Fragrance Oil for Cold Air Diffusers - ,2.0,2.0,0.0,OK,
200,VV000044,VV NO. 44 Fragrance Oil for Cold Air Diffusers - J,2.0,2.0,0.0,OK,
201,VV003600,VV NO. 3600 Fragrance Oil for Cold Air Diffusers -,2.0,2.0,0.0,OK,
202,VV003400,VV NO. 3400 Fragrance Oil for Cold Air Diffusers -,2.0,2.0,0.0,OK,
203,VV000050,VV NO. 50 Fragrance Oil for Cold Air Diffusers - M,2.0,2.0,0.0,OK,
204,VV001001,VV NO. 1001 Fragrance Oil for Cold Air Diffusers -,2.0,2.0,0.0,OK,
205,VV001304,VV NO. 1304 Fragrance Oil for Cold Air Diffusers -,2.0,2.0,0.0,OK,
206,VV001000,VV NO. 1000 Fragrance Oil for Cold Air Diffusers -,2.0,2.0,0.0,OK,
207,VVJuniper,VVJuniper Berry Essential Oil,1.0,1.0,0.0,OK,
209,VVhyssop,VV Hyssop Essential Oil,1.0,1.0,0.0,OK,
211,Vvclarysage,VV Clary Sage Essential Oil,1.0,1.0,0.0,OK,
216,Vveucalyptus,VV Eucalyptus Globulus Essential Oil,3.0,3.0,0.0,OK,
217,VVTTAAA,VV Tea Tree AAA Essential Oil,3.0,3.0,0.0,OK,
218,D001,Portable Aroma and Essential Oil diffuser with LED,8.0,7.0,-1.0,MISMATCH,CACHE_MISMATCH
219,D0002,Ceramic Aroma and Essential Ultrasonic Oil Diffuse,8.0,8.0,0.0,OK,
220,D0003,Large Aroma and Essntial Ultrasonic Oil Diffuser 5,8.0,8.0,0.0,OK,
221,SimplyVital,'SimplyVital Collagen,5.0,0.0,-5.0,MISMATCH,CACHE_MISMATCH
222,Viora,Bamboo Tea & Lemongrass Scented Candle and Reed Di,100.0,98.0,-2.0,MISMATCH,HIGH_STOCK_VERIFY
223,3700281702835,TOP DA GEL NETTOYANT SURGRAS 500ML,10.0,2.0,-8.0,MISMATCH,CACHE_MISMATCH
224,3700281702873,TOP ULTRA HYDRATANT GOMMAGE DOUCEUR V&C 200ml,10.0,1.0,-9.0,MISMATCH,CACHE_MISMATCH
225,3700281703955,TOP MELA PAIN EXFOLIANT UNIFIANT 150gr,10.0,1.0,-9.0,MISMATCH,CACHE_MISMATCH
226,3700281705003,TOP MELA SERUM ECLAT ANTI-TACHES 30ML,10.0,1.0,-9.0,MISMATCH,CACHE_MISMATCH
227,3700281703030,TOP DA PROTECT BAUME EMOLLIENT 500ML DUO,10.0,0.0,-10.0,MISMATCH,CACHE_MISMATCH
228,3700281702415,TOP ULTRA HYDRATANT GEL DOUCHE 500ML,10.0,1.0,-9.0,MISMATCH,CACHE_MISMATCH
229,3700281702293,TOP ULTRA HYDRATANT CORPS 500ML DUO,10.0,0.0,-10.0,MISMATCH,CACHE_MISMATCH
230,3700281702583,TOP DA PROTECT BAUME EMOLLIENT 200ML,10.0,1.0,-9.0,MISMATCH,CACHE_MISMATCH
231,3700281702682,TOP CICA CREME APAISANTE 40ml,10.0,1.0,-9.0,MISMATCH,CACHE_MISMATCH
232,3700281704464,TOP MELA LAIT UNIFIANT UH 200ML,10.0,1.0,-9.0,MISMATCH,CACHE_MISMATCH
233,3700281702446,TOP ULTRA HYDRATANT STICK LEVRES 4GR,10.0,0.0,-10.0,MISMATCH,CACHE_MISMATCH
234,3700281703573,TOP AC CONTROL SOIN MATIFIANT 40ML,10.0,2.0,-8.0,MISMATCH,CACHE_MISMATCH
235,3700281703269,TOP AC CONTROL GEL NETTOYANT PURIF 400ML,10.0,-2.0,-12.0,MISMATCH,NEGATIVE_STOCK
236,3700281704334,TOP H+ CR HYDRA  ECLAT LEGERE 40ML,10.0,1.0,-9.0,MISMATCH,CACHE_MISMATCH
237,3700281703252,TOP ULTRA HYDRATANT CREME MAINS 50ML,10.0,1.0,-9.0,MISMATCH,CACHE_MISMATCH
238,3700281704839,TOP KARITE MASQUE FORTIFIANT INTENS 250ML,10.0,1.0,-9.0,MISMATCH,CACHE_MISMATCH
239,3700281704815,TOP KARITE SHAP DOUX FORTIFIANT 200ML,10.0,1.0,-9.0,MISMATCH,CACHE_MISMATCH
240,3700281704396,TOP MELA CR JOUR UNIF ANTI-TACHES 40ML,10.0,1.0,-9.0,MISMATCH,CACHE_MISMATCH
241,3700281704730,TOP MELA CR NUIT A-TACHES PEEL DOUX 40ML,10.0,1.0,-9.0,MISMATCH,CACHE_MISMATCH
242,8424561007971,NATUR ALOE VERA GEL BAIN ET DOUCHE 1000 ML,10.0,10.0,0.0,OK,
243,3760019121048,SOS FLUIDE CLARIFIANT SPF25 50ML,10.0,1.0,-9.0,MISMATCH,CACHE_MISMATCH
244,3760019120560,SOS GEL DOUX NETTOYANT PURIFIANT 250ML,10.0,2.0,-8.0,MISMATCH,CACHE_MISMATCH
245,3760019127828,SOS MOUSSE NETTOYANTE CLARIFIANTE 100ML,10.0,1.0,-9.0,MISMATCH,CACHE_MISMATCH
246,3760019121079,SOS SERUM INTENSE CLARIFIANT 30ML,10.0,1.0,-9.0,MISMATCH,CACHE_MISMATCH
247,3760019120577,SOS LOTION TONIQUE HYDRATANTE 250 ML,10.0,2.0,-8.0,MISMATCH,CACHE_MISMATCH
248,3346020035756,RC GEL BAIN DE DOUCHE L\'ORINAL +HUIL 50 ML FL1L,2.0,0.0,-2.0,MISMATCH,CACHE_MISMATCH
249,3596490006396,RC GEL BAIN DE DOUCHE LAIT DE FIGUE 1L,2.0,1.0,-1.0,MISMATCH,CACHE_MISMATCH
250,3596490004255,RC GEL BAIN DE DOUCHE L\'ORIGINAL 400ML,2.0,2.0,0.0,OK,
251,3596490006358,RC GEL BAIN DE DOUCHE AMANDE VERTE F1L,2.0,2.0,0.0,OK,
252,3596490003500,RC HUILE BAIN DCHE VELUOTANTE FL250ML,1.0,1.0,0.0,OK,
253,3596490005078,RC HUILE BAIN DCHE VELUOTANTE FL750ML,1.0,1.0,0.0,OK,
254,3596490004293,RC GEL BAIN DOUCHE AMANDE VERTE 400 ML,1.0,1.0,0.0,OK,
255,3596490007652,RC SAVON NECTAR DE MIEL 200G,3.0,9.0,6.0,MISMATCH,CACHE_MISMATCH
256,3596490007690,RC SAVON JARDIN L\'ORIGINAL  200G,3.0,8.0,5.0,MISMATCH,CACHE_MISMATCH
257,3596490007669,RC SAVON ORANGIER JASMIN 200G,3.0,8.0,5.0,MISMATCH,CACHE_MISMATCH
258,3596490007645,RC SAVON DELICE DE FIGUE 200G,3.0,2.0,-1.0,MISMATCH,CACHE_MISMATCH
259,3596490004859,RC SAVON DERMO U.H.T PAIN 100G,3.0,1.0,-2.0,MISMATCH,CACHE_MISMATCH
260,3596490007034,RC NETTOYANT VIGASE GOMMANT DOUX 70G,3.0,3.0,0.0,OK,
261,3596490007423,RC LAIT ONCTUEUX CORPS 500ML,2.0,2.0,0.0,OK,
262,3596490007409,RC CREME PERLEE CORPS 400ML,2.0,3.0,1.0,MISMATCH,CACHE_MISMATCH
263,3596490007362,RC CREME MAINS RICHE 50ML,2.0,2.0,0.0,OK,
264,3596490007386,RC CREME MAINS LEGERE 50ML,2.0,2.0,0.0,OK,
265,3596490007379,RC CREME MIRACULEUSE 100ML,2.0,1.0,-1.0,MISMATCH,CACHE_MISMATCH
266,3596490003593,RC NUTRISSANCE CREME MAINS T50ML,3.0,2.0,-1.0,MISMATCH,CACHE_MISMATCH
267,3596490004095,RC LINGETTE ANTI-BACTERIEN,12.0,12.0,0.0,OK,
268,3596490005634,RC LINGETTE EXTR-DOUCE,12.0,11.0,-1.0,MISMATCH,CACHE_MISMATCH
269,3596490005610,RC LINGETTE SECHERESSE,12.0,12.0,0.0,OK,
270,3596490007416,RC BEURRE FOUDANT CORPS 200ML,2.0,2.0,0.0,OK,
271,898220011780,CGN Hydrolized Collagen Peptides plus VItamin C,0.0,0.0,0.0,OK,
272,097467459717,NP Collagen Peptides,0.0,3.0,3.0,MISMATCH,CACHE_MISMATCH
273,898220016648,CGN Resveratol Complex,0.0,9.0,9.0,MISMATCH,CACHE_MISMATCH
274,3700281702736,TOP DA Protect Baume Emmoliant,0.0,1.0,1.0,MISMATCH,CACHE_MISMATCH
275,3700281702286,TOP Ultra Hydratant Lait Corps,0.0,1.0,1.0,MISMATCH,CACHE_MISMATCH
276,076791002127,HL Hair Follicle Simulator,0.0,1.0,1.0,MISMATCH,CACHE_MISMATCH
277,3337875722520,VICHY Liftactiv Collagen Specialist 16  creme nuit,0.0,1.0,1.0,MISMATCH,CACHE_MISMATCH
278,AROMACOLOR,Deodirizer Ball,0.0,36.0,36.0,MISMATCH,CACHE_MISMATCH
279,3282770389197,DUCRAY MELASCREN TACHE BRUNES 30ML,0.0,0.0,0.0,OK,
280,3337872411991,LRP EFFACLAR GEL MOUSS 400ML,0.0,1.0,1.0,MISMATCH,CACHE_MISMATCH
281,3760019121642,SOS LAIT ECLAIRCISSANT ZONES SENSIBLES,0.0,0.0,0.0,OK,
282,3401344502200,SVR CICAVIT CREME 100ML,0.0,0.0,0.0,OK,
283,3337875734905,VICHY LIFTACTIV SERUM B3 30ML,0.0,1.0,1.0,MISMATCH,CACHE_MISMATCH
284,3337875912600,VICHY LIFTACTIVE SERUM COLLAGEN 16 30ML,0.0,1.0,1.0,MISMATCH,CACHE_MISMATCH
285,3337875552127,LRP  LIPIKAR LAIT 400ML,0.0,1.0,1.0,MISMATCH,CACHE_MISMATCH
286,769915190311,THE ORDINARY NIACINAMIDE 30ML,0.0,18.0,18.0,MISMATCH,CACHE_MISMATCH
287,8470007896937,MOSEGOR 10ML,0.0,1.0,1.0,MISMATCH,CACHE_MISMATCH
288,3662361004089,SVR AMPOULE LIFT RETINOL SERUM 30ML,0.0,1.0,1.0,MISMATCH,CACHE_MISMATCH
289,7898593281851,SORALI THERAPY LISS NO FRIZZ 120G,0.0,1.0,1.0,MISMATCH,CACHE_MISMATCH
290,7898593281806,SORALI THERAPY LISS NO FRIZZ 1KG,0.0,1.0,1.0,MISMATCH,CACHE_MISMATCH
291,898220010332,CGN COLLAGENUP +HYALOR ACID+VIT C,0.0,2.0,2.0,MISMATCH,CACHE_MISMATCH
292,D0004,AROMA DIFFUSER LIFT OF LEISURE 700ML,0.0,7.0,7.0,MISMATCH,CACHE_MISMATCH
293,3760019125909,SOS SERUM ANTI-TACHE ECLAT 30ML,0.0,2.0,2.0,MISMATCH,CACHE_MISMATCH
294,3760019125923,SOS MELADERM CREME UNIF 50ML,0.0,0.0,0.0,OK,
295,3760019125886,SOS MELADERM LAIT ECLAIRCISS 150ML,0.0,1.0,1.0,MISMATCH,CACHE_MISMATCH
296,3401361353625,BIO SEBIOM PORE REFINER 30ML,0.0,1.0,1.0,MISMATCH,CACHE_MISMATCH
297,3662361001934,SVR BAUME NUIT DENSITIUM 50ML,0.0,1.0,1.0,MISMATCH,CACHE_MISMATCH
298,3401360147508,BIO SEBIUM GLOBAL 30ML,0.0,2.0,2.0,MISMATCH,CACHE_MISMATCH
299,3337875847292,LRP ANTHELIOS FLUIDE OIL CONTROL 50+,0.0,1.0,1.0,MISMATCH,CACHE_MISMATCH
300,3282770112047,AVENE FLUIDE 50+ 50ML,0.0,0.0,0.0,OK,
301,3337875777797,LRP EFFACLAR H 40ML,0.0,3.0,3.0,MISMATCH,CACHE_MISMATCH
302,3337875890021,LRP MELA B3 SERUM 30ML,0.0,3.0,3.0,MISMATCH,CACHE_MISMATCH
303,3337875797467,LRP ANTHELIOS IOL CORRECT SPF50+,0.0,1.0,1.0,MISMATCH,CACHE_MISMATCH
304,3760095250274,ACM SEBIONEX GEL 200ML,0.0,2.0,2.0,MISMATCH,CACHE_MISMATCH
305,3760095251929,ACM DEPIWHITE 500ML,0.0,2.0,2.0,MISMATCH,CACHE_MISMATCH
306,3760095250441,ACM DEPIWHITE ADVANCED 40ML,0.0,1.0,1.0,MISMATCH,CACHE_MISMATCH
307,3760095250205,ACM DEPIWHITE GEL CONTOUR LOEIL,0.0,2.0,2.0,MISMATCH,CACHE_MISMATCH
308,3337875814652,CERAVE CREME HYDRATANTE VISAGE SPF50,0.0,1.0,1.0,MISMATCH,CACHE_MISMATCH
309,3760019121734,SOS CREME SOLAIRE TRES HAUTE PROTECTION 50+0RICHE,0.0,1.0,1.0,MISMATCH,CACHE_MISMATCH
310,3760019121086,SOS CREME CLARIFIANTE NUIT 50ML,0.0,1.0,1.0,MISMATCH,CACHE_MISMATCH
311,3700281702774,TOPICREM AC GEL NETTOYANT PURIFIANT,0.0,0.0,0.0,OK,
312,3700281704471,TOPICREM CICA+ HUILE CONCENTREE 100ML,0.0,2.0,2.0,MISMATCH,CACHE_MISMATCH
313,8680512607144,BIOBLAS ARGAN OIL CARE 100ML,0.0,1.0,1.0,MISMATCH,CACHE_MISMATCH
314,3700281703296,TOP CREME AC CONTROL GEL NETTOYANT 400ML,0.0,2.0,2.0,MISMATCH,CACHE_MISMATCH
315,087614018836,SWANSON HAIR SKIN & NAILS 60TAB,0.0,5.0,5.0,MISMATCH,CACHE_MISMATCH
316,898220010592,CGN CREATINE MONOHYDRATE,0.0,3.0,3.0,MISMATCH,CACHE_MISMATCH
317,098220011704,CGN BIOTIN 10000mcg,0.0,4.0,4.0,MISMATCH,CACHE_MISMATCH
318,733739077585,CGN SHEA BUTTER,0.0,3.0,3.0,MISMATCH,CACHE_MISMATCH
319,scanner,scanner machine,0.0,496.0,496.0,MISMATCH,HIGH_STOCK_VERIFY
320,3337875917407,LRP ANT FLUIDE ANTI-TACHES,0.0,1.0,1.0,MISMATCH,CACHE_MISMATCH
321,3282770203929,DUC DEXYANE BAUM 400ML,0.0,1.0,1.0,MISMATCH,CACHE_MISMATCH
322,3282770053029,DUC DEXYANE GEL NETTOYAN 400ML,0.0,2.0,2.0,MISMATCH,CACHE_MISMATCH
323,3337875663076,VICHY NORMADERM INTENSIV GEL 200ML,0.0,1.0,1.0,MISMATCH,CACHE_MISMATCH
324,3337875663083,VICHY NORMADERM GEL INTENSIVE 400ML,0.0,0.0,0.0,OK,
325,3282770389234,MELASCREEN CONT YEUX 15ML,0.0,0.0,0.0,OK,
326,3700281703283,CICA CREME APAISANTE 100ML,0.0,1.0,1.0,MISMATCH,CACHE_MISMATCH
327,3662361002726,SVR SEBIACLEAR CR MAT+PORES 40ML,0.0,2.0,2.0,MISMATCH,CACHE_MISMATCH
328,733739065124,NOW GLUCOMANNAN,0.0,3.0,3.0,MISMATCH,CACHE_MISMATCH
329,810141910225,AC 10% GLYCOLIC ACID LACTIC ACID,0.0,4.0,4.0,MISMATCH,CACHE_MISMATCH
330,818901028487,EVL WHEY PROTEIN,0.0,3.0,3.0,MISMATCH,CACHE_MISMATCH
331,898220025121,CGN VITAMIN D3 + K2,0.0,6.0,6.0,MISMATCH,CACHE_MISMATCH
332,087614170954,SWANSON OMEGA3 CONCENTRATE,0.0,2.0,2.0,MISMATCH,CACHE_MISMATCH
333,5999566330421,GG hydration station,0.0,0.0,0.0,OK,
334,5999566330292,GG A GAME RETINOL 0.1%,0.0,-4.0,-4.0,MISMATCH,NEGATIVE_STOCK
335,minoxidil,MINOXIDIL,0.0,9.0,9.0,MISMATCH,CACHE_MISMATCH
336,X0023ETFPF,TEETH WHITENING STRIPS,0.0,0.0,0.0,OK,
337,3401395376874,BIODERMA CREALINE H2O 100ML,0.0,1.0,1.0,MISMATCH,CACHE_MISMATCH
338,3701129805329,BIODERMA ATODERM CREME ULTRA,0.0,0.0,0.0,OK,
339,3337875904513,CERAVE GEL CREME OIL CONTROL 52ML,0.0,1.0,1.0,MISMATCH,CACHE_MISMATCH
340,3596490000066,RC SAVON L ORIGINAL 150G,0.0,1.0,1.0,MISMATCH,CACHE_MISMATCH
341,3662361000401,SVR VIT C AMPOUL 30ML,0.0,2.0,2.0,MISMATCH,CACHE_MISMATCH
342,3337875761031,LRP ANTI AGE CORRECT SPF50+,0.0,1.0,1.0,MISMATCH,CACHE_MISMATCH
343,3760095250168,ACM NOVAPHANE,0.0,1.0,1.0,MISMATCH,CACHE_MISMATCH
344,00004444+,parfum voiture,0.0,1.0,1.0,MISMATCH,CACHE_MISMATCH
345,868051628408,BIOBLAS CAFFEINE+GINSENG,0.0,2.0,2.0,MISMATCH,CACHE_MISMATCH
346,3701129802069,BIODERMA ATODERM INTENSIVER BAUME T200ML,0.0,2.0,2.0,MISMATCH,CACHE_MISMATCH
347,3337875696548,LRP LIPIKAR AP+M 400ML,0.0,1.0,1.0,MISMATCH,CACHE_MISMATCH
348,3282770205633,AVENE CICALFATE+,0.0,2.0,2.0,MISMATCH,CACHE_MISMATCH
349,3701129803721,PHOTODERM MINERALFLUIDE 50+,0.0,0.0,0.0,OK,
350,3282770389296,DUC MELASCREEN CREM ANTI TACHTE 50+,0.0,0.0,0.0,OK,
351,4005800303647+,EUCERIN ANTI PIGMENT SUREM ECLAT,0.0,1.0,1.0,MISMATCH,CACHE_MISMATCH
352,3337875920582,LRP HYALU B5 SERUM,0.0,1.0,1.0,MISMATCH,CACHE_MISMATCH
353,4066447888683,BALEA DEDERON,0.0,0.0,0.0,OK,
354,3282770141351,DUC KERACNYL GEL NOTTOYANT 200ML,0.0,1.0,1.0,MISMATCH,CACHE_MISMATCH
355,3337872414145,LRP CICAPLAST MAINS,0.0,1.0,1.0,MISMATCH,CACHE_MISMATCH
356,3337875837804,LRP CICAPLAST B5 SERUM,0.0,1.0,1.0,MISMATCH,CACHE_MISMATCH
357,3337875708265,LRP EFFACLAR 200ML,0.0,1.0,1.0,MISMATCH,CACHE_MISMATCH
358,3662361002467,SVR CREME RICHE DENSITIUM 50ML,0.0,1.0,1.0,MISMATCH,CACHE_MISMATCH
359,3662361001897,SVR GEL LAVANT TOPIALYSE 400ML,0.0,1.0,1.0,MISMATCH,CACHE_MISMATCH
360,+3760095250281+,ACM SEDIONEX K,0.0,1.0,1.0,MISMATCH,CACHE_MISMATCH
361,4005800119361,EUC IOL CONTROL 50+,0.0,1.0,1.0,MISMATCH,CACHE_MISMATCH
362,850034069944,SB KERATIN RASPBERY OIL SHAMPOOI,0.0,4.0,4.0,MISMATCH,CACHE_MISMATCH
363,716237183590,GIO ULTRA SLEEK SHAMPOO,0.0,4.0,4.0,MISMATCH,CACHE_MISMATCH
364,813606022167,CL BODY EXFOLIATOR,0.0,4.0,4.0,MISMATCH,CACHE_MISMATCH
365,4005800213052,EUC ANTI PIGMENT SOIN DE NUIT 50ML,0.0,1.0,1.0,MISMATCH,CACHE_MISMATCH
366,4005800294808,EUC FILLER SION DE NUIT 50ML,0.0,1.0,1.0,MISMATCH,CACHE_MISMATCH
367,4005800238963,EUC SUN PIGMENT CONTROL FLUID 50+,0.0,1.0,1.0,MISMATCH,CACHE_MISMATCH
368,4005800065545,EUC SUN SENSITIVE PROTECT CREME 50+,0.0,1.0,1.0,MISMATCH,CACHE_MISMATCH
