SKU,Nom,Marque,Categorie,Prix Achat,Prix Vente,Stock,Description
3571940000179,NOREVA TRIO WHITE XP SOIN DE JOUR FL30ML,Noreva,Fluides,850,1590.0,1,Noreva - NOREVA TRIO WHITE XP SOIN DE JOUR FL30ML. Fluides Format 30ml. Produit authentique.
3571940002180,NOREVA TRIO WHITE XP CREME DE NUIT FL30ML,Noreva,Crèmes & Baumes,850,1350.0,0,Noreva - NOREVA TRIO WHITE XP CREME DE NUIT FL30ML. Crèmes & Baumes Format 30ml. Produit authentique.
3571940000186,NOREVA TRIO WHITE XP SERUM 30ML,Noreva,Sérums,990,1560.0,1,Noreva - NOREVA TRIO WHITE XP SERUM 30ML. Sérums Format 30ml. Produit authentique.
3571940000193,NOREVA TRIO WHITE XP SOIN DE JOUR SPF 50+ FL40ML,Noreva,Fluides,970,1550.0,1,Noreva - NOREVA TRIO WHITE XP SOIN DE JOUR SPF 50+ FL40ML. Fluides Format 5040ml. Produit authentique.
3401572288297,BIO SEBIUM H2O F250ML,Bioderma,Eaux Micellaires,300,430.0,0,Bioderma - BIO SEBIUM H2O F250ML. Eaux Micellaires Format 2250ml. Produit authentique.
3401353806399,BIO SEBIUM GEL MOUSSANT T200 ML,Bioderma,Gels Moussants,400,580.0,0,Bioderma - BIO SEBIUM GEL MOUSSANT T200 ML. Gels Moussants Format 200ml. Produit authentique.
3401572288129,BIO CREALINE H2O F250ML,Bioderma,Eaux Micellaires,380,780.0,2,Bioderma - BIO CREALINE H2O F250ML. Eaux Micellaires Format 2250ml. Produit authentique.
3701129805008,BIO CREALINE H2O F500ML,Bioderma,Eaux Micellaires,480,1020.0,0,Bioderma - BIO CREALINE H2O F500ML. Eaux Micellaires Format 2500ml. Produit authentique.
3401564695546,BIO CICABIO CREME 50+ T30ML,Bioderma,Crèmes & Baumes,470,770.0,1,Bioderma - BIO CICABIO CREME 50+ T30ML. Crèmes & Baumes Format 5030ml. Produit authentique.
3701129805343,BIO ATODERM CREME ULTRA 500ML,Bioderma,Crèmes & Baumes,420,830.0,1,Bioderma - BIO ATODERM CREME ULTRA 500ML. Crèmes & Baumes Format 500ml. Produit authentique.
3401399694127,BIO HYDRABIO H2O 250ML,Bioderma,Eaux Micellaires,520,750.0,0,Bioderma - BIO HYDRABIO H2O 250ML. Eaux Micellaires Format 2250ml. Produit authentique.
3701129800119,BIO PIGMENTBIO C-CONCENTRATE F15ML,Bioderma,Soins Visage,960,1520.0,2,Bioderma - BIO PIGMENTBIO C-CONCENTRATE F15ML. Soins Visage Format 15ml. Produit authentique.
3701129800096,BIO PIGMENTBIO SENSITIVE AREAS T75ML,Bioderma,Soins Visage,540,700.0,1,Bioderma - BIO PIGMENTBIO SENSITIVE AREAS T75ML. Soins Visage Format 75ml. Produit authentique.
3701129800072,BIO PIGMENTBIO DAILY CARE SPF50+,Bioderma,Protection Solaire,801,1280.0,1,Bioderma - BIO PIGMENTBIO DAILY CARE SPF50+. Protection Solaire Produit authentique.
3701129800553,BIO PIGMENTBIO FOAMING CREAM F500ML,Bioderma,Soins Visage,900,1380.0,1,Bioderma - BIO PIGMENTBIO FOAMING CREAM F500ML. Soins Visage Format 500ml. Produit authentique.
3701129807385,BIO PHOTODERM MAX AQUAFLUIDE  SPF50 NEUTRE T40ml,Bioderma,Fluides,600,950.0,1,Bioderma - BIO PHOTODERM MAX AQUAFLUIDE  SPF50 NEUTRE T40ml. Fluides Format 40ml. Produit authentique.
3401399277092,BIO SEBIUM GEL MOUSSANT FP 500 ML,Bioderma,Gels Moussants,720,980.0,0,Bioderma - BIO SEBIUM GEL MOUSSANT FP 500 ML. Gels Moussants Format 500ml. Produit authentique.
3337875597388,CERAVE BAUME HYDRATANT 454ML,CeraVe,Crèmes & Baumes,490,780.0,0,CeraVe - CERAVE BAUME HYDRATANT 454ML. Crèmes & Baumes Format 454ml. Produit authentique.
3337875597180,CERAVE CREME LAVANTE 236ML,CeraVe,Crèmes & Baumes,300,480.0,1,CeraVe - CERAVE CREME LAVANTE 236ML. Crèmes & Baumes Format 236ml. Produit authentique.
3337875597333,CERAVE CREME LAVANTE 473ML,CeraVe,Crèmes & Baumes,380,600.0,1,CeraVe - CERAVE CREME LAVANTE 473ML. Crèmes & Baumes Format 473ml. Produit authentique.
3337875743563,CERAVE CREME MOUSSANTE 236ML,CeraVe,Gels Moussants,330,530.0,1,CeraVe - CERAVE CREME MOUSSANTE 236ML. Gels Moussants Format 236ml. Produit authentique.
3337875597272,CERAVE CREME REPARATRICE YEUX 15ML,CeraVe,Crèmes & Baumes,370,590.0,3,CeraVe - CERAVE CREME REPARATRICE YEUX 15ML. Crèmes & Baumes Format 15ml. Produit authentique.
3337875684101,CERAVE CREME SA ANTI RUGOSITES 340ML,CeraVe,Crèmes & Baumes,470,750.0,1,CeraVe - CERAVE CREME SA ANTI RUGOSITES 340ML. Crèmes & Baumes Format 340ml. Produit authentique.
3337875684118,CERAVE GEL NETTOYANT ANTI RUGOSITES 236ML,CeraVe,Nettoyants,323,520.0,1,CeraVe - CERAVE GEL NETTOYANT ANTI RUGOSITES 236ML. Nettoyants Format 236ml. Produit authentique.
3337875597449,CERAVE CREME VISAGE NUIT 52ML,CeraVe,Crèmes & Baumes,400,630.0,1,CeraVe - CERAVE CREME VISAGE NUIT 52ML. Crèmes & Baumes Format 52ml. Produit authentique.
3337875597197,CERAVE GEL MOUSSANT 236ML,CeraVe,Gels Moussants,330.05,550.0,0,CeraVe - CERAVE GEL MOUSSANT 236ML. Gels Moussants Format 236ml. Produit authentique.
3337875597357,CERAVE GEL MOUSSANT 473ML,CeraVe,Gels Moussants,399.9,640.0,2,CeraVe - CERAVE GEL MOUSSANT 473ML. Gels Moussants Format 473ml. Produit authentique.
3337875597210,CERAVE LAIT HYDRATANT 236ML,CeraVe,Laits,320,480.0,2,CeraVe - CERAVE LAIT HYDRATANT 236ML. Laits Format 236ml. Produit authentique.
3337875597395,CERAVE LAIT HYDRATANT 473ML,CeraVe,Laits,470,750.0,0,CeraVe - CERAVE LAIT HYDRATANT 473ML. Laits Format 473ml. Produit authentique.
3337875597227,CERAVEBAUME HYDRATANT 340g,CeraVe,Crèmes & Baumes,390,630.0,0,CeraVe - CERAVEBAUME HYDRATANT 340g. Crèmes & Baumes Produit authentique.
3337875784054,CERAVEGEL MOUSSANT ANTI-IMPERF 236ML,CeraVe,Gels Moussants,350,550.0,3,CeraVe - CERAVEGEL MOUSSANT ANTI-IMPERF 236ML. Gels Moussants Format 236ml. Produit authentique.
3337875795456,CERAVEGEL NETTOYANT ANTI RUGOSITES 473ML,CeraVe,Nettoyants,468,650.0,0,CeraVe - CERAVEGEL NETTOYANT ANTI RUGOSITES 473ML. Nettoyants Format 473ml. Produit authentique.
3337875840620,CERAVE CREME HYDRATANTE VISAGE SPF30+ 52ML,CeraVe,Crèmes & Baumes,430,670.0,0,CeraVe - CERAVE CREME HYDRATANTE VISAGE SPF30+ 52ML. Crèmes & Baumes Format 3052ml. Produit authentique.
3337875597203,EUC EAU MICELLAIRE 295ML,Autre,Eaux Micellaires,360,570.0,1,Autre - EUC EAU MICELLAIRE 295ML. Eaux Micellaires Format 295ml. Produit authentique.
4005800210617,EUC ANTI-PIGMENT SERUM DUO FP30ML,Autre,Sérums,1560,2490.0,0,Autre - EUC ANTI-PIGMENT SERUM DUO FP30ML. Sérums Format 30ml. Produit authentique.
4005800347467,EUC ANTI-PIGMENT GEL NETTOYANT FP400ML,Autre,Nettoyants,650,1020.0,1,Autre - EUC ANTI-PIGMENT GEL NETTOYANT FP400ML. Nettoyants Format 400ml. Produit authentique.
4005800323713,EUC ANTI-PIGMENT SOIN CONT. YEUX ILLUMIN. CORRECT. CERNEST 15ML,Autre,Contours des Yeux,1190,1740.0,2,Autre - EUC ANTI-PIGMENT SOIN CONT. YEUX ILLUMIN. CORRECT. CERNEST 15ML. Contours des Yeux Format 15ml. Produit authentique.
4005800213014,EUC ANTI-PIGMENT SOIN DE JOUR FP50ML,Autre,Soins Visage,1190,1740.0,1,Autre - EUC ANTI-PIGMENT SOIN DE JOUR FP50ML. Soins Visage Format 50ml. Produit authentique.
4005800320712,EUC SUN PHOTOAGING CONTROL FLUID SPF 50 L-P 50 ML,Autre,Fluides,720,1100.0,1,Autre - EUC SUN PHOTOAGING CONTROL FLUID SPF 50 L-P 50 ML. Fluides Format 5050ml. Produit authentique.
4005800147388,EUC SUN HYDRO PROTECT FLUIDE ULTRA-LEGER SPF 50+T-CANULE 50ML,Autre,Fluides,720,1050.0,1,Autre - EUC SUN HYDRO PROTECT FLUIDE ULTRA-LEGER SPF 50+T-CANULE 50ML. Fluides Format 50ml. Produit authentique.
3282770145175,DUC KERACNYL UV SPF50+ FLUID 50ML,Autre,Fluides,500,700.0,2,Autre - DUC KERACNYL UV SPF50+ FLUID 50ML. Fluides Format 50ml. Produit authentique.
3282770205626,DUC ICTYANE ECLAT LAIT 400ML,Autre,Laits,730,1200.0,2,Autre - DUC ICTYANE ECLAT LAIT 400ML. Laits Format 400ml. Produit authentique.
3282770208849,DUC ICTYANE PAIN  100 G,Autre,Soins Visage,200,320.0,0,Autre - DUC ICTYANE PAIN  100 G. Soins Visage Produit authentique.
3282779370660,DUC ICTYANE STICK LEVRE TREALO 3G,Autre,Soins Visage,170,270.0,1,Autre - DUC ICTYANE STICK LEVRE TREALO 3G. Soins Visage Produit authentique.
3282770141320,DUC KERACNYL SOIN PP 30ML,Autre,Soins Visage,370,590.0,0,Autre - DUC KERACNYL SOIN PP 30ML. Soins Visage Format 30ml. Produit authentique.
3282770075533,DUC ANAPHASE SHP 200 ML,Autre,Soins Visage,320,520.0,2,Autre - DUC ANAPHASE SHP 200 ML. Soins Visage Format 200ml. Produit authentique.
3282770204780,DUC ICTYANE LAIT HYDRATANT 400 ML,Autre,Laits,560,900.0,1,Autre - DUC ICTYANE LAIT HYDRATANT 400 ML. Laits Format 400ml. Produit authentique.
3282770389593,DUC MELASCREEN SERUM ECLAT 40ML,Autre,Sérums,780,1240.0,2,Autre - DUC MELASCREEN SERUM ECLAT 40ML. Sérums Format 40ml. Produit authentique.
3282770389272,DUC MELASCREEN FLUIDE 50+ 50ML,Autre,Fluides,450,700.0,0,Autre - DUC MELASCREEN FLUIDE 50+ 50ML. Fluides Format 5050ml. Produit authentique.
3282770141382,DUC KERACNYL GEL MOUSANT 400 ML,Autre,Soins Visage,440,680.0,0,Autre - DUC KERACNYL GEL MOUSANT 400 ML. Soins Visage Format 400ml. Produit authentique.
3282770073683,DUC ANAPHAS APRES SHAMPO 200ML,Autre,Soins Visage,360,580.0,2,Autre - DUC ANAPHAS APRES SHAMPO 200ML. Soins Visage Format 200ml. Produit authentique.
3282770203455,DUC ICTYANE CREME MAINS 50 ML,Autre,Crèmes & Baumes,230,290.0,1,Autre - DUC ICTYANE CREME MAINS 50 ML. Crèmes & Baumes Format 50ml. Produit authentique.
3282770114096,AVN TriXera PAIN COLD CR 100G,Autre,Soins Visage,180,290.0,0,Autre - AVN TriXera PAIN COLD CR 100G. Soins Visage Produit authentique.
3282770207811,AVN CLEANANCE EAU MICELLAIRE 400 ML,Autre,Eaux Micellaires,348.5,570.0,1,Autre - AVN CLEANANCE EAU MICELLAIRE 400 ML. Eaux Micellaires Format 400ml. Produit authentique.
3282770390414,AVN CLEANANCE COMEDOMED ANTI-IMP 30ML,Autre,Soins Visage,470,760.0,1,Autre - AVN CLEANANCE COMEDOMED ANTI-IMP 30ML. Soins Visage Format 30ml. Produit authentique.
3282770392654,AVN ULTRA FLUIDE 50+ 50ML,Autre,Fluides,500,800.0,1,Autre - AVN ULTRA FLUIDE 50+ 50ML. Fluides Format 5050ml. Produit authentique.
3282770019919,AVN CLEANANCE SAVON 100G,Autre,Soins Visage,170,270.0,1,Autre - AVN CLEANANCE SAVON 100G. Soins Visage Produit authentique.
3282770389883,AVN XERACALM HUILE 400 ML,Autre,Soins Visage,530,850.0,0,Autre - AVN XERACALM HUILE 400 ML. Soins Visage Format 400ml. Produit authentique.
3282770393477,AVN VITAMIN ACTIV Cg SERUM 30ML,Autre,Sérums,950,1490.0,1,Autre - AVN VITAMIN ACTIV Cg SERUM 30ML. Sérums Format 30ml. Produit authentique.
3282770207774,AVN CLEANANCE GEL 400 ML,Autre,Soins Visage,480,770.0,0,Autre - AVN CLEANANCE GEL 400 ML. Soins Visage Format 400ml. Produit authentique.
3282770139204,AVN CLEANANCE GEL 200 ML,Autre,Soins Visage,360,580.0,1,Autre - AVN CLEANANCE GEL 200 ML. Soins Visage Format 200ml. Produit authentique.
3337875890069,LRP LRP MELA B3 GEL MICROPEELING 200ML,Autre,Soins Visage,580,770.0,1,Autre - LRP LRP MELA B3 GEL MICROPEELING 200ML. Soins Visage Format 200ml. Produit authentique.
3337875694469,LRP LRP RETINOL B3 SERUM 30ML,Autre,Sérums,980,1380.0,2,Autre - LRP LRP RETINOL B3 SERUM 30ML. Sérums Format 330ml. Produit authentique.
3337872413025,LRP LRP EFFACLAR MAT T40ML,Autre,Soins Visage,400,640.0,0,Autre - LRP LRP EFFACLAR MAT T40ML. Soins Visage Format 40ml. Produit authentique.
3337875816847,LRP CICAPLAST BALM B5 T100ML,Autre,Soins Visage,510,780.0,2,Autre - LRP CICAPLAST BALM B5 T100ML. Soins Visage Format 5100ml. Produit authentique.
3337875863377,LRP EFFACLAR DUO+ CR T40ML,Autre,Soins Visage,400,650.0,2,Autre - LRP EFFACLAR DUO+ CR T40ML. Soins Visage Format 40ml. Produit authentique.
3433422404533,LRP LIPIKAR PAIN SURGRAS 150 GM,Autre,Soins Visage,180,290.0,2,Autre - LRP LIPIKAR PAIN SURGRAS 150 GM. Soins Visage Produit authentique.
3337875613491,LRP EFFACLAR K+ T30ML FREN,Autre,Soins Visage,446.2,720.0,2,Autre - LRP EFFACLAR K+ T30ML FREN. Soins Visage Format 30ml. Produit authentique.
3433422408357,LRP EFFACLAR EAU MICEL FL200ML,Autre,Fluides,370,590.0,1,Autre - LRP EFFACLAR EAU MICEL FL200ML. Fluides Format 200ml. Produit authentique.
3433422408159,LRP EFFACLAR LT ASTRING F200ML,Autre,Soins Visage,380,610.0,0,Autre - LRP EFFACLAR LT ASTRING F200ML. Soins Visage Format 200ml. Produit authentique.
3337875549486,LRP EFFACLAR GEL MOUSS T300ML,Autre,Soins Visage,360.75,580.0,1,Autre - LRP EFFACLAR GEL MOUSS T300ML. Soins Visage Format 300ml. Produit authentique.
3337875545822,LRP TOLERIANE GEL MOUSSANT 400ML,Autre,Gels Moussants,590,950.0,1,Autre - LRP TOLERIANE GEL MOUSSANT 400ML. Gels Moussants Format 400ml. Produit authentique.
3337875722827,LRP EFFACLAR SERUM ULTRA CONCEN 30ML,Autre,Sérums,830,1330.0,0,Autre - LRP EFFACLAR SERUM ULTRA CONCEN 30ML. Sérums Format 30ml. Produit authentique.
3337875537315,LRP LIPIKAR SYNDET AP+ FL400ML,Autre,Fluides,430,670.0,1,Autre - LRP LIPIKAR SYNDET AP+ FL400ML. Fluides Format 400ml. Produit authentique.
3433422404403,LRP EAU THERMALE  300ML,Autre,Soins Visage,340,550.0,0,Autre - LRP EAU THERMALE  300ML. Soins Visage Format 300ml. Produit authentique.
3337875583626,LRP HYALU B5 SERUM 30ML,Autre,Sérums,980,1570.0,0,Autre - LRP HYALU B5 SERUM 30ML. Sérums Format 530ml. Produit authentique.
3337872411083,LRP EFFACLAR GEL MOUSS T200ML,Autre,Soins Visage,334,540.0,0,Autre - LRP EFFACLAR GEL MOUSS T200ML. Soins Visage Format 200ml. Produit authentique.
3337875548519,LRP CICAPLAST GEL LAVANT B5 200ML,Autre,Nettoyants,420,670.0,1,Autre - LRP CICAPLAST GEL LAVANT B5 200ML. Nettoyants Format 5200ml. Produit authentique.
3337872418785,LRP LIPIKAR GEL LAVANT 400ML,Autre,Nettoyants,400,640.0,0,Autre - LRP LIPIKAR GEL LAVANT 400ML. Nettoyants Format 400ml. Produit authentique.
3337875797719,LRP ANT UVMUNE ULTCR SP50+ T50ML,Autre,Soins Visage,470,750.0,2,Autre - LRP ANT UVMUNE ULTCR SP50+ T50ML. Soins Visage Format 5050ml. Produit authentique.
3337875546430,LRP ANT UVMUNE OILCONT. GEL-CREME SPF50+T50ML,Autre,Crèmes & Baumes,470,750.0,0,Autre - LRP ANT UVMUNE OILCONT. GEL-CREME SPF50+T50ML. Crèmes & Baumes Format 5050ml. Produit authentique.
3337875876940,LRP CICAPLAST BALM B5 SPF50+ T40ML,Autre,Protection Solaire,450,720.0,0,Autre - LRP CICAPLAST BALM B5 SPF50+ T40ML. Protection Solaire Format 5040ml. Produit authentique.
3337875578486,LRP TOLERIANE SENSITIVE CREME T40ML,Autre,Crèmes & Baumes,500,800.0,1,Autre - LRP TOLERIANE SENSITIVE CREME T40ML. Crèmes & Baumes Format 40ml. Produit authentique.
3337872412158,LRP DEO PHYSIO BILLE 50ML,Autre,Soins Visage,300,480.0,0,Autre - LRP DEO PHYSIO BILLE 50ML. Soins Visage Format 50ml. Produit authentique.
3337875890113,LRP MELA B3 SOIN SPF30 40ML,Autre,Protection Solaire,950,1320.0,3,Autre - LRP MELA B3 SOIN SPF30 40ML. Protection Solaire Format 3040ml. Produit authentique.
3337875763790,LRP LIPIKAR BAUME AP+M 200ML,Autre,Crèmes & Baumes,440,700.0,1,Autre - LRP LIPIKAR BAUME AP+M 200ML. Crèmes & Baumes Format 200ml. Produit authentique.
3337875696838,LRP ANT SPRAY AP 50+ F200ML,Autre,Soins Visage,690,1100.0,1,Autre - LRP ANT SPRAY AP 50+ F200ML. Soins Visage Format 50200ml. Produit authentique.
3337875797597,LRP ANT UVMUNE FLU SP50+ T50ML,Autre,Fluides,470,750.0,2,Autre - LRP ANT UVMUNE FLU SP50+ T50ML. Fluides Format 5050ml. Produit authentique.
30070349,LRP NUTRITIC STICK LEVRE 4.7ML,Autre,Soins Visage,180,280.0,1,Autre - LRP NUTRITIC STICK LEVRE 4.7ML. Soins Visage Format 47ml. Produit authentique.
3337875909235,LRP PURE VIT C12 SERUM 30ML,Autre,Sérums,960,1490.0,1,Autre - LRP PURE VIT C12 SERUM 30ML. Sérums Format 230ml. Produit authentique.
3433422408586,LRP LIPIKAR SURG LIQUID T400ML,Autre,Soins Visage,520,830.0,0,Autre - LRP LIPIKAR SURG LIQUID T400ML. Soins Visage Format 400ml. Produit authentique.
3662361000999,SVR CLAIRIAL NIGHT PEEL 50ML,Autre,Soins Visage,970,1490.0,2,Autre - SVR CLAIRIAL NIGHT PEEL 50ML. Soins Visage Format 50ml. Produit authentique.
3662361001835,SVR SEBIACLEAR ACTIVE+ RENO 40ML,Autre,Soins Visage,350,560.0,0,Autre - SVR SEBIACLEAR ACTIVE+ RENO 40ML. Soins Visage Format 40ml. Produit authentique.
3662361003402,SVR SEBIACLEAR GEL MOUSSANT 400ML,Autre,Gels Moussants,520,830.0,1,Autre - SVR SEBIACLEAR GEL MOUSSANT 400ML. Gels Moussants Format 400ml. Produit authentique.
3662361003037,SVR CLAIRIAL SPF50+ LUM VISIBLE 50ML,Autre,Protection Solaire,780,1240.0,0,Autre - SVR CLAIRIAL SPF50+ LUM VISIBLE 50ML. Protection Solaire Format 50ml. Produit authentique.
3662361003396,SVR SEBIACLEAR GEL MOUSSANT 200ML,Autre,Gels Moussants,290,430.0,2,Autre - SVR SEBIACLEAR GEL MOUSSANT 200ML. Gels Moussants Format 200ml. Produit authentique.
3401360167872,SVR SENSIFINE AR CREME 40ML,Autre,Crèmes & Baumes,800,860.0,1,Autre - SVR SENSIFINE AR CREME 40ML. Crèmes & Baumes Format 40ml. Produit authentique.
3401381328993,SVR SPIRIAL ROLL'ON 50ML,Autre,Soins Visage,290,460.0,0,Autre - SVR SPIRIAL ROLL'ON 50ML. Soins Visage Format 50ml. Produit authentique.
3662361003860,SVR SPIRIAL ROLL'ON NAT 50ML,Autre,Soins Visage,320,510.0,1,Autre - SVR SPIRIAL ROLL'ON NAT 50ML. Soins Visage Format 50ml. Produit authentique.
3662361001880,SVR TOPIALYSE GEL LAVANT 200ML,Autre,Nettoyants,230,350.0,1,Autre - SVR TOPIALYSE GEL LAVANT 200ML. Nettoyants Format 200ml. Produit authentique.
3662361001705,SVR SUN SECURE CREME SPF50+ RENO 50ML,Autre,Crèmes & Baumes,490,740.0,0,Autre - SVR SUN SECURE CREME SPF50+ RENO 50ML. Crèmes & Baumes Format 050ml. Produit authentique.
3401381381981,SVR TOPIALYSE MAINS SECHES 50ML,Autre,Soins Visage,160,350.0,1,Autre - SVR TOPIALYSE MAINS SECHES 50ML. Soins Visage Format 50ml. Produit authentique.
3661434006159,UR BARIEDERM CICA CREME REPAR T 15ML,Autre,Crèmes & Baumes,140,220.0,1,Autre - UR BARIEDERM CICA CREME REPAR T 15ML. Crèmes & Baumes Format 15ml. Produit authentique.
3661434004735,UR BARIEDERM CICA CREME T 40ML,Autre,Crèmes & Baumes,260,420.0,0,Autre - UR BARIEDERM CICA CREME T 40ML. Crèmes & Baumes Format 40ml. Produit authentique.
3661434008962,UR BARIEDERM CICA GEL NETTOYANT  T 200ML,Autre,Nettoyants,350,560.0,1,Autre - UR BARIEDERM CICA GEL NETTOYANT  T 200ML. Nettoyants Format 200ml. Produit authentique.
3661434009778,UR DEPIDERM SPF50+ SOIN DE JOUR F 30ML,Autre,Protection Solaire,720,1150.0,1,Autre - UR DEPIDERM SPF50+ SOIN DE JOUR F 30ML. Protection Solaire Format 30ml. Produit authentique.
3661434005459,UR BARIEDERM CICA LEVRES PROT T 15ML,Autre,Soins Visage,300,580.0,0,Autre - UR BARIEDERM CICA LEVRES PROT T 15ML. Soins Visage Format 15ml. Produit authentique.
3661434011931,UR BARIEDERM CICA-DAILY SERUM FP 30ML,Autre,Sérums,920,1470.0,1,Autre - UR BARIEDERM CICA-DAILY SERUM FP 30ML. Sérums Format 30ml. Produit authentique.
3661434011979,UR BARIESUN SPF50+ FLUID 100 F 50ML,Autre,Fluides,530,850.0,1,Autre - UR BARIESUN SPF50+ FLUID 100 F 50ML. Fluides Format 10050ml. Produit authentique.
3661434008917,UR BARIESUN SPF50+ FLUIDE ANTI TACHE T 40ML,Autre,Fluides,360,580.0,1,Autre - UR BARIESUN SPF50+ FLUIDE ANTI TACHE T 40ML. Fluides Format 40ml. Produit authentique.
3661434009525,UR EAU THERM. SERUM BOOSTER H.A. 30ML,Autre,Sérums,600,960.0,0,Autre - UR EAU THERM. SERUM BOOSTER H.A. 30ML. Sérums Format 30ml. Produit authentique.
3661434000515,UR EAU THERMALE SPR 150ML,Autre,Soins Visage,210,340.0,1,Autre - UR EAU THERMALE SPR 150ML. Soins Visage Format 150ml. Produit authentique.
3661434007408,UR DS HAIR SHAMP EQUILIBRANT  F 200ML,Autre,Soins Visage,320,510.0,0,Autre - UR DS HAIR SHAMP EQUILIBRANT  F 200ML. Soins Visage Format 200ml. Produit authentique.
5999566330483,GG MIGHTY MELT,Autre,Soins Visage,576,1040.0,7,Autre - GG MIGHTY MELT. Soins Visage Produit authentique.
5999566330261,GG JELLY JOKER,Autre,Soins Visage,427,830.0,1,Autre - GG JELLY JOKER. Soins Visage Produit authentique.
5999566330247,GG LIQUID HYDRATION,Autre,Soins Visage,383,710.0,6,Autre - GG LIQUID HYDRATION. Soins Visage Produit authentique.
5999566330445,GG HAPPIER BARRIER,Autre,Soins Visage,486,840.0,4,Autre - GG HAPPIER BARRIER. Soins Visage Produit authentique.
5999566330155,GG C-GLOW,Autre,Soins Visage,563,990.0,6,Autre - GG C-GLOW. Soins Visage Produit authentique.
5999566330643,GG POWER PEPTIDES,Autre,Soins Visage,711,1090.0,3,Autre - GG POWER PEPTIDES. Soins Visage Produit authentique.
5999566330148,GG aPAD,Autre,Soins Visage,531,960.0,7,Autre - GG aPAD. Soins Visage Produit authentique.
5999566330162,GG B-Bomb,Autre,Soins Visage,383,680.0,6,Autre - GG B-Bomb. Soins Visage Produit authentique.
5999566330360,GG Porefectly Clear,Autre,Soins Visage,351,1150.0,4,Autre - GG Porefectly Clear. Soins Visage Produit authentique.
5999566330131,GG HA 5 Rich,Autre,Soins Visage,428,890.0,8,Autre - GG HA 5 Rich. Soins Visage Produit authentique.
8806133613801,DRC ROYAL VITA PROPOLIS 33 AMPOULE JUMBO,Autre,Soins Visage,788,1290.0,4,Autre - DRC ROYAL VITA PROPOLIS 33 AMPOULE JUMBO. Soins Visage Produit authentique.
8809076776473,BTS VEGAN RETINAL BAKUCHIOL SERUM,Autre,Sérums,373,800.0,6,Autre - BTS VEGAN RETINAL BAKUCHIOL SERUM. Sérums Produit authentique.
8809844993101,JART CERAMIDIN SKIN BARRIER MOISTURIZING CREAM,Autre,Soins Visage,0,1480.0,1,Autre - JART CERAMIDIN SKIN BARRIER MOISTURIZING CREAM. Soins Visage Produit authentique.
8809724477271,JART Pore-remedy PHA Exfoliating Serum,Autre,Sérums,0,1450.0,5,Autre - JART Pore-remedy PHA Exfoliating Serum. Sérums Produit authentique.
1133614904,PETER Barrier Adaptogen Lotion 2.0 (For Oily Skin),Autre,Soins Visage,0,1480,5,Autre - PETER Barrier Adaptogen Lotion 2.0 (For Oily Skin). Soins Visage Produit authentique.
1133260083,PETER Barrier Adaptogen Cream 2.0 (For Dry Skin),Autre,Soins Visage,0,1550,5,Autre - PETER Barrier Adaptogen Cream 2.0 (For Dry Skin). Soins Visage Produit authentique.
3337871328795,VICHY LIFTACTIV SUPR HA CREM JOUR 50ML,Autre,Soins Visage,1120,1800.0,1,Autre - VICHY LIFTACTIV SUPR HA CREM JOUR 50ML. Soins Visage Format 50ml. Produit authentique.
3337871308612,VICHY EAU TH MINERALISANTE 150ML,Autre,Soins Visage,270,430.0,1,Autre - VICHY EAU TH MINERALISANTE 150ML. Soins Visage Format 150ml. Produit authentique.
3337871330262,VICHY SH ANTIPE CH SEC F200ML,Autre,Soins Visage,380,610.0,1,Autre - VICHY SH ANTIPE CH SEC F200ML. Soins Visage Format 200ml. Produit authentique.
3337871330286,VICHY SH ANTIPE CH GR F200ML,Autre,Soins Visage,380,610.0,0,Autre - VICHY SH ANTIPE CH GR F200ML. Soins Visage Format 200ml. Produit authentique.
3337871311292,VICHY DT SH ENERGISAN FL200ML,Autre,Fluides,350,560.0,2,Autre - VICHY DT SH ENERGISAN FL200ML. Fluides Format 200ml. Produit authentique.
3337871310592,VICHY AEROSOL AT INTENSE 48H 125ML,Autre,Soins Visage,370,590.0,1,Autre - VICHY AEROSOL AT INTENSE 48H 125ML. Soins Visage Format 48125ml. Produit authentique.
3337871320362,VICHY BILLE AT CONTROLE EXTR 72H 50ML,Autre,Soins Visage,300,480.0,1,Autre - VICHY BILLE AT CONTROLE EXTR 72H 50ML. Soins Visage Format 7250ml. Produit authentique.
3337871320379,VICHY BILLE DEO PS 50ML 48H,Autre,Soins Visage,300,480.0,1,Autre - VICHY BILLE DEO PS 50ML 48H. Soins Visage Format 50ml. Produit authentique.
3337871323622,VICHY CS EMULSION TOUCHER SEC SPF50 50ML,Autre,Protection Solaire,370,590.0,0,Autre - VICHY CS EMULSION TOUCHER SEC SPF50 50ML. Protection Solaire Format 5050ml. Produit authentique.
3337875837149,VICHY VCS F UV CLEAR SPF50 40ML,Autre,Protection Solaire,580,930.0,1,Autre - VICHY VCS F UV CLEAR SPF50 40ML. Protection Solaire Format 5040ml. Produit authentique.
3337875762298,VICHY CS FLUIDE UV-AGE DAILY SPF50+,Autre,Fluides,580,890.0,1,Autre - VICHY CS FLUIDE UV-AGE DAILY SPF50+. Fluides Produit authentique.
3337871322502,VICHY Liftactive Supreme Nuit 50ml,Autre,Soins Visage,1020,1850.0,1,Autre - VICHY Liftactive Supreme Nuit 50ml. Soins Visage Format 50ml. Produit authentique.
3337875607254,VICHY LIFT COLLAGEN SPE JOUR J50ML,Autre,Soins Visage,1161.6,1950.0,2,Autre - VICHY LIFT COLLAGEN SPE JOUR J50ML. Soins Visage Format 50ml. Produit authentique.
3337871322502,LIFT DAY CR COLLAGEN 50ML,Autre,Soins Visage,1161,1850.0,1,Autre - LIFT DAY CR COLLAGEN 50ML. Soins Visage Format 50ml. Produit authentique.
898220015542,CGN Hydrolyzed Collagen Type I & III,Autre,Soins Visage,0,520.0,8,Autre - CGN Hydrolyzed Collagen Type I & III. Soins Visage Produit authentique.
733739032553,"NOW Melatonin, 3 mg",Autre,Soins Visage,0,170.0,3,"Autre - NOW Melatonin, 3 mg. Soins Visage Produit authentique."
793574995192,NC Prostate Support,Autre,Soins Visage,0,1350.0,4,Autre - NC Prostate Support. Soins Visage Produit authentique.
733739015204,"NOW Zinc, 50 mg",Autre,Soins Visage,0,246.0,6,"Autre - NOW Zinc, 50 mg. Soins Visage Produit authentique."
733739047212,"NOW Maca, 500 mg",Autre,Soins Visage,0,360.0,4,"Autre - NOW Maca, 500 mg. Soins Visage Produit authentique."
898220016938,"LAN Bee Propolis, 1,000 mg",Autre,Soins Visage,0,730,5,"Autre - LAN Bee Propolis, 1,000 mg. Soins Visage Produit authentique."
737870154112,"LE Glutathione, Cysteine & C",Autre,Soins Visage,0,810.0,3,"Autre - LE Glutathione, Cysteine & C. Soins Visage Produit authentique."
609492800206,MRM Moringa Leaf 600mg,Autre,Soins Visage,0,720.0,3,Autre - MRM Moringa Leaf 600mg. Soins Visage Produit authentique.
810014679372,NUTRI L-Theanine 200mg,Autre,Soins Visage,0,1120.0,3,Autre - NUTRI L-Theanine 200mg. Soins Visage Produit authentique.
087614020730,"SWANSON Albion®, Magnesium Glycinate, 133 mg",Bioderma,Soins Visage,236,660,1,"Bioderma - SWANSON Albion®, Magnesium Glycinate, 133 mg. Soins Visage Produit authentique."
087614019132,SWANSON Tri-Fiber Complex,Autre,Soins Visage,0,900.0,3,Autre - SWANSON Tri-Fiber Complex. Soins Visage Produit authentique.
733739024107,"NOW Brewer's Yeast, 650 mg",Autre,Soins Visage,0,533.0,4,"Autre - NOW Brewer's Yeast, 650 mg. Soins Visage Produit authentique."
305731347623,"CENTRUM Men's Multivitamin Gummies, 50 Day",Autre,Soins Visage,0,500.0,4,"Autre - CENTRUM Men's Multivitamin Gummies, 50 Day. Soins Visage Produit authentique."
305731348064,"CENTRUM Women's Multivitamin Gummies, 50 Day",Autre,Soins Visage,670,613.333333333333,3,"Autre - CENTRUM Women's Multivitamin Gummies, 50 Day. Soins Visage Produit authentique."
898220009527,CGN Omega-3 Premium Fish Oil,Autre,Soins Visage,0,1200.0,4,Autre - CGN Omega-3 Premium Fish Oil. Soins Visage Produit authentique.
737870190431,LF NAD+ Cell Regenerator,Autre,Soins Visage,0,1800.0,3,Autre - LF NAD+ Cell Regenerator. Soins Visage Produit authentique.
810126660732,"FF NMN, 300 mg",Autre,Soins Visage,0,990.0,2,"Autre - FF NMN, 300 mg. Soins Visage Produit authentique."
733739031556,"NOW Hyaluronic Acid, 100 mg",Autre,Soins Visage,0,900.0,4,"Autre - NOW Hyaluronic Acid, 100 mg. Soins Visage Produit authentique."
733739032515,"NOW Astaxanthin, 4 mg",Autre,Soins Visage,0,590.0,3,"Autre - NOW Astaxanthin, 4 mg. Soins Visage Produit authentique."
737870889069,"LE Rhodiola Extract, 250 mg",Autre,Soins Visage,0,720.0,6,"Autre - LE Rhodiola Extract, 250 mg. Soins Visage Produit authentique."
733739029263,"NOW Probiotic-10, 25 Billion",Bioderma,Soins Visage,0,750.0,4,"Bioderma - NOW Probiotic-10, 25 Billion. Soins Visage Produit authentique."
087614111360,"SWANSON Full Spectrum® Korean Red Ginseng Root, 400 mg",Autre,Soins Visage,0,270.0,3,"Autre - SWANSON Full Spectrum® Korean Red Ginseng Root, 400 mg. Soins Visage Produit authentique."
087614028033,"SWANSON Albion, Magnesium & Calcium with Vitamins D3 & K2",Bioderma,Soins Visage,450,450.0,0,"Bioderma - SWANSON Albion, Magnesium & Calcium with Vitamins D3 & K2. Soins Visage Produit authentique."
087614110097,"SWANSON Glucosamine, Chondroitin & MSM",Autre,Soins Visage,0,405.0,3,"Autre - SWANSON Glucosamine, Chondroitin & MSM. Soins Visage Produit authentique."
898220009312,"CGN Gold C™, USP Grade Vitamin C",Autre,Soins Visage,0,248.0,3,"Autre - CGN Gold C™, USP Grade Vitamin C. Soins Visage Produit authentique."
087614019574,SWANSON Full Spectrum® Ashwagandha,Autre,Soins Visage,0,780.0,6,Autre - SWANSON Full Spectrum® Ashwagandha. Soins Visage Produit authentique.
8435415080385,Scandal Absolu Homme,Autre,Soins Visage,0,2500.0,0,Autre - Scandal Absolu Homme. Soins Visage Produit authentique.
888066075145,Ombré Leather,Autre,Soins Visage,0,7000.0,2,Autre - Ombré Leather. Soins Visage Produit authentique.
888066004503,Tobacco Vanilla,Autre,Soins Visage,0,6500.0,2,Autre - Tobacco Vanilla. Soins Visage Produit authentique.
3700559603116,Baccarat Rouge,Autre,Soins Visage,0,9800.0,2,Autre - Baccarat Rouge. Soins Visage Produit authentique.
3700559602188,L’Eau De La Rose,Autre,Soins Visage,0,7000.0,2,Autre - L’Eau De La Rose. Soins Visage Produit authentique.
370055966513,Oud Satin Mood,Autre,Soins Visage,0,9800.0,2,Autre - Oud Satin Mood. Soins Visage Produit authentique.
3700559605905,PARFUM Baccarat Rouge Extrait,Autre,Soins Visage,0,14700.0,2,Autre - PARFUM Baccarat Rouge Extrait. Soins Visage Produit authentique.
3700559613610,PARFUM MAISON FRA KUR  724,Autre,Soins Visage,0,8700.0,2,Autre - PARFUM MAISON FRA KUR  724. Soins Visage Produit authentique.
3614272761469,Donna Born In Roma,Autre,Soins Visage,0,6900.0,2,Autre - Donna Born In Roma. Soins Visage Produit authentique.
3614273790826,Donna Born In Roma Intense,Autre,Soins Visage,0,6100.0,2,Autre - Donna Born In Roma Intense. Soins Visage Produit authentique.
3614273261425,VALENTINO Uomo Born In Roma Yellow Dream,Autre,Soins Visage,0,6000.0,2,Autre - VALENTINO Uomo Born In Roma Yellow Dream. Soins Visage Produit authentique.
842185115861,Santal 33,Autre,Soins Visage,0,8900.0,2,Autre - Santal 33. Soins Visage Produit authentique.
3700578502681,Haltane,Autre,Soins Visage,0,11500.0,2,Autre - Haltane. Soins Visage Produit authentique.
3700578502322,Layton,Autre,Soins Visage,0,9500.0,2,Autre - Layton. Soins Visage Produit authentique.
3700578521002,Delina,Autre,Soins Visage,0,12000.0,2,Autre - Delina. Soins Visage Produit authentique.
3700578503046,Valaya,Autre,Soins Visage,0,12000.0,2,Autre - Valaya. Soins Visage Produit authentique.
3348901687164,PARFUM OUD ISPAHAN,Autre,Soins Visage,0,18000.0,1,Autre - PARFUM OUD ISPAHAN. Soins Visage Produit authentique.
506037918881,Burlington 1819,Autre,Soins Visage,0,14500.0,2,Autre - Burlington 1819. Soins Visage Produit authentique.
506037917389,Oceania,Autre,Soins Visage,0,14500.0,2,Autre - Oceania. Soins Visage Produit authentique.
8681008055180,Hacivat,Autre,Soins Visage,0,11700.0,2,Autre - Hacivat. Soins Visage Produit authentique.
8681008055173,Hundred Silent Ways,Autre,Soins Visage,0,10500.0,2,Autre - Hundred Silent Ways. Soins Visage Produit authentique.
3605521932105,Jazz Club,Autre,Soins Visage,0,6300.0,2,Autre - Jazz Club. Soins Visage Produit authentique.
3614273939973,From The Garden,Autre,Soins Visage,0,7200.0,2,Autre - From The Garden. Soins Visage Produit authentique.
7340032806182,Bal d’Afrique,Autre,Soins Visage,0,7000.0,2,Autre - Bal d’Afrique. Soins Visage Produit authentique.
7340032806168,Gypsy Water,Autre,Soins Visage,0,7000.0,2,Autre - Gypsy Water. Soins Visage Produit authentique.
VV4006,NO. 4006 Fragrance Oil for Cold Air Diffusers - Inspired by: Casamorati by Xerjoff,Autre,Soins Visage,0,1520.0,0,Autre - NO. 4006 Fragrance Oil for Cold Air Diffusers - Inspired by: Casamorati by Xerjoff. Soins Visage Produit authentique.
VV004002,VV NO. 4002 Fragrance Oil for Cold Air Diffusers - Inspired by: Erba Pura by Xerjoff,Autre,Soins Visage,0,1750.0,2,Autre - VV NO. 4002 Fragrance Oil for Cold Air Diffusers - Inspired by: Erba Pura by Xerjoff. Soins Visage Produit authentique.
VV003115,VV NO. 3115 Fragrance Oil for Cold Air Diffusers - Inspired by: Neroli Portofino by Tom Ford,Autre,Soins Visage,0,1530.0,2,Autre - VV NO. 3115 Fragrance Oil for Cold Air Diffusers - Inspired by: Neroli Portofino by Tom Ford. Soins Visage Produit authentique.
VV000100,VV NO. 100 Fragrance Oil for Cold Air Diffusers - Sweater Weather,Autre,Soins Visage,0,1360.0,2,Autre - VV NO. 100 Fragrance Oil for Cold Air Diffusers - Sweater Weather. Soins Visage Produit authentique.
VV000044,VV NO. 44 Fragrance Oil for Cold Air Diffusers - Jasmine,Autre,Soins Visage,0,880.0,2,Autre - VV NO. 44 Fragrance Oil for Cold Air Diffusers - Jasmine. Soins Visage Produit authentique.
VV003600,VV NO. 3600 Fragrance Oil for Cold Air Diffusers - Inspired by: Aventus by Creed,Autre,Soins Visage,0,1500.0,2,Autre - VV NO. 3600 Fragrance Oil for Cold Air Diffusers - Inspired by: Aventus by Creed. Soins Visage Produit authentique.
VV003400,VV NO. 3400 Fragrance Oil for Cold Air Diffusers - Inspired by: Baccarat Rouge 540 by Maison Francis,Autre,Soins Visage,0,1420.0,2,Autre - VV NO. 3400 Fragrance Oil for Cold Air Diffusers - Inspired by: Baccarat Rouge 540 by Maison Francis. Soins Visage Produit authentique.
VV000050,VV NO. 50 Fragrance Oil for Cold Air Diffusers - Mahogany Teakwood,Autre,Soins Visage,0,960.0,2,Autre - VV NO. 50 Fragrance Oil for Cold Air Diffusers - Mahogany Teakwood. Soins Visage Produit authentique.
VV001001,VV NO. 1001 Fragrance Oil for Cold Air Diffusers - Inspired by: Escapade & Ritz Carlton Hotel,Autre,Soins Visage,0,1500.0,2,Autre - VV NO. 1001 Fragrance Oil for Cold Air Diffusers - Inspired by: Escapade & Ritz Carlton Hotel. Soins Visage Produit authentique.
VV001304,VV NO. 1304 Fragrance Oil for Cold Air Diffusers - Inspired by: Santal 33 by Le Labo,Autre,Soins Visage,0,1360.0,2,Autre - VV NO. 1304 Fragrance Oil for Cold Air Diffusers - Inspired by: Santal 33 by Le Labo. Soins Visage Produit authentique.
VV001000,VV NO. 1000 Fragrance Oil for Cold Air Diffusers - Inspired by: My Way & The One Hotel,Autre,Soins Visage,0,1500.0,2,Autre - VV NO. 1000 Fragrance Oil for Cold Air Diffusers - Inspired by: My Way & The One Hotel. Soins Visage Produit authentique.
VVJuniper,VVJuniper Berry Essential Oil,Autre,Soins Visage,0,560.0,1,Autre - VVJuniper Berry Essential Oil. Soins Visage Produit authentique.
VV,VV Coriander (Leaf) Essential Oil,Autre,Soins Visage,0,880,1,Autre - VV Coriander (Leaf) Essential Oil. Soins Visage Produit authentique.
VVhyssop,VV Hyssop Essential Oil,Autre,Soins Visage,0,1100.0,1,Autre - VV Hyssop Essential Oil. Soins Visage Produit authentique.
VVbalsam,VV Balsam (Peru) Essential Oil,Autre,Soins Visage,0,1100,1,Autre - VV Balsam (Peru) Essential Oil. Soins Visage Produit authentique.
Vvclarysage,VV Clary Sage Essential Oil,Autre,Soins Visage,0,1220.0,1,Autre - VV Clary Sage Essential Oil. Soins Visage Produit authentique.
Vvlavenderb,VV Lavender (Bulgaria) Essential Oil,Autre,Soins Visage,0,720,2,Autre - VV Lavender (Bulgaria) Essential Oil. Soins Visage Produit authentique.
Vvlavenderf,VV Lavender (France) Essential Oil,Autre,Soins Visage,0,400,3,Autre - VV Lavender (France) Essential Oil. Soins Visage Produit authentique.
Vvorange,VV Orange (Sweet) Essential Oil,Autre,Soins Visage,0,560,3,Autre - VV Orange (Sweet) Essential Oil. Soins Visage Produit authentique.
Vvpeppermint,VV Peppermint (Piperita) Essential Oil,Autre,Soins Visage,0,480,4,Autre - VV Peppermint (Piperita) Essential Oil. Soins Visage Produit authentique.
Vveucalyptus,VV Eucalyptus Globulus Essential Oil,Autre,Soins Visage,0,480.0,3,Autre - VV Eucalyptus Globulus Essential Oil. Soins Visage Produit authentique.
VVTTAAA,VV Tea Tree AAA Essential Oil,Autre,Soins Visage,0,400.0,3,Autre - VV Tea Tree AAA Essential Oil. Soins Visage Produit authentique.
D001,Portable Aroma and Essential Oil diffuser with LED light 100ml,Autre,Soins Visage,300,750.0,7,Autre - Portable Aroma and Essential Oil diffuser with LED light 100ml. Soins Visage Format 100ml. Produit authentique.
D0002,Ceramic Aroma and Essential Ultrasonic Oil Diffuser 100ml,Autre,Soins Visage,300,790.0,8,Autre - Ceramic Aroma and Essential Ultrasonic Oil Diffuser 100ml. Soins Visage Format 100ml. Produit authentique.
D0003,Large Aroma and Essntial Ultrasonic Oil Diffuser 500ml,Autre,Soins Visage,300,950.0,8,Autre - Large Aroma and Essntial Ultrasonic Oil Diffuser 500ml. Soins Visage Format 500ml. Produit authentique.
SimplyVital,"SimplyVital Collagen, Retinol & Hyaluronic Acid Cream -",Autre,Soins Visage,1080,1080.0,0,"Autre - SimplyVital Collagen, Retinol & Hyaluronic Acid Cream -. Soins Visage Produit authentique."
Viora,Bamboo Tea & Lemongrass Scented Candle and Reed Diffuser Gift Set,Autre,Soins Visage,0,1000.0,98,Autre - Bamboo Tea & Lemongrass Scented Candle and Reed Diffuser Gift Set. Soins Visage Produit authentique.
3700281702835,TOP DA GEL NETTOYANT SURGRAS 500ML,Autre,Nettoyants,450,720.0,2,Autre - TOP DA GEL NETTOYANT SURGRAS 500ML. Nettoyants Format 500ml. Produit authentique.
3700281702873,TOP ULTRA HYDRATANT GOMMAGE DOUCEUR V&C 200ml,Autre,Soins Visage,390,620.0,1,Autre - TOP ULTRA HYDRATANT GOMMAGE DOUCEUR V&C 200ml. Soins Visage Format 200ml. Produit authentique.
3700281703955,TOP MELA PAIN EXFOLIANT UNIFIANT 150gr,Autre,Soins Visage,220,350.0,1,Autre - TOP MELA PAIN EXFOLIANT UNIFIANT 150gr. Soins Visage Produit authentique.
3700281705003,TOP MELA SERUM ECLAT ANTI-TACHES 30ML,Autre,Sérums,690,1100.0,1,Autre - TOP MELA SERUM ECLAT ANTI-TACHES 30ML. Sérums Format 30ml. Produit authentique.
3700281703030,TOP DA PROTECT BAUME EMOLLIENT 500ML DUO,Autre,Crèmes & Baumes,870,1390.0,0,Autre - TOP DA PROTECT BAUME EMOLLIENT 500ML DUO. Crèmes & Baumes Format 500ml. Produit authentique.
3700281702415,TOP ULTRA HYDRATANT GEL DOUCHE 500ML,Autre,Soins Visage,330,520.0,1,Autre - TOP ULTRA HYDRATANT GEL DOUCHE 500ML. Soins Visage Format 500ml. Produit authentique.
3700281702293,TOP ULTRA HYDRATANT CORPS 500ML DUO,Autre,Soins Visage,760,1200.0,0,Autre - TOP ULTRA HYDRATANT CORPS 500ML DUO. Soins Visage Format 500ml. Produit authentique.
3700281702583,TOP DA PROTECT BAUME EMOLLIENT 200ML,Autre,Crèmes & Baumes,380,600.0,1,Autre - TOP DA PROTECT BAUME EMOLLIENT 200ML. Crèmes & Baumes Format 200ml. Produit authentique.
3700281702682,TOP CICA CREME APAISANTE 40ml,Autre,Crèmes & Baumes,220,380.0,1,Autre - TOP CICA CREME APAISANTE 40ml. Crèmes & Baumes Format 40ml. Produit authentique.
3700281704464,TOP MELA LAIT UNIFIANT UH 200ML,Autre,Laits,710,1050.0,1,Autre - TOP MELA LAIT UNIFIANT UH 200ML. Laits Format 200ml. Produit authentique.
3700281702446,TOP ULTRA HYDRATANT STICK LEVRES 4GR,Autre,Soins Visage,120,190.0,0,Autre - TOP ULTRA HYDRATANT STICK LEVRES 4GR. Soins Visage Produit authentique.
3700281703573,TOP AC CONTROL SOIN MATIFIANT 40ML,Autre,Soins Visage,350,560.0,2,Autre - TOP AC CONTROL SOIN MATIFIANT 40ML. Soins Visage Format 40ml. Produit authentique.
3700281703269,TOP AC CONTROL GEL NETTOYANT PURIF 400ML,Autre,Nettoyants,360,560.0,-2,Autre - TOP AC CONTROL GEL NETTOYANT PURIF 400ML. Nettoyants Format 400ml. Produit authentique.
3700281704334,TOP H+ CR HYDRA  ECLAT LEGERE 40ML,Autre,Soins Visage,400,640.0,1,Autre - TOP H+ CR HYDRA  ECLAT LEGERE 40ML. Soins Visage Format 40ml. Produit authentique.
3700281703252,TOP ULTRA HYDRATANT CREME MAINS 50ML,Autre,Crèmes & Baumes,160,280.0,1,Autre - TOP ULTRA HYDRATANT CREME MAINS 50ML. Crèmes & Baumes Format 50ml. Produit authentique.
3700281704839,TOP KARITE MASQUE FORTIFIANT INTENS 250ML,Autre,Soins Visage,390,620.0,1,Autre - TOP KARITE MASQUE FORTIFIANT INTENS 250ML. Soins Visage Format 250ml. Produit authentique.
3700281704815,TOP KARITE SHAP DOUX FORTIFIANT 200ML,Autre,Soins Visage,260,410.0,1,Autre - TOP KARITE SHAP DOUX FORTIFIANT 200ML. Soins Visage Format 200ml. Produit authentique.
3700281704396,TOP MELA CR JOUR UNIF ANTI-TACHES 40ML,Autre,Soins Visage,650,1040.0,1,Autre - TOP MELA CR JOUR UNIF ANTI-TACHES 40ML. Soins Visage Format 40ml. Produit authentique.
3700281704730,TOP MELA CR NUIT A-TACHES PEEL DOUX 40ML,Autre,Soins Visage,650,1040.0,1,Autre - TOP MELA CR NUIT A-TACHES PEEL DOUX 40ML. Soins Visage Format 40ml. Produit authentique.
8424561007971,NATUR ALOE VERA GEL BAIN ET DOUCHE 1000 ML,Autre,Soins Visage,0,380.0,10,Autre - NATUR ALOE VERA GEL BAIN ET DOUCHE 1000 ML. Soins Visage Format 1000ml. Produit authentique.
3760019121048,SOS FLUIDE CLARIFIANT SPF25 50ML,Autre,Fluides,470,750.0,1,Autre - SOS FLUIDE CLARIFIANT SPF25 50ML. Fluides Format 2550ml. Produit authentique.
3760019120560,SOS GEL DOUX NETTOYANT PURIFIANT 250ML,Autre,Nettoyants,220,450.0,2,Autre - SOS GEL DOUX NETTOYANT PURIFIANT 250ML. Nettoyants Format 250ml. Produit authentique.
3760019127828,SOS MOUSSE NETTOYANTE CLARIFIANTE 100ML,Autre,Nettoyants,330,520.0,1,Autre - SOS MOUSSE NETTOYANTE CLARIFIANTE 100ML. Nettoyants Format 100ml. Produit authentique.
3760019121079,SOS SERUM INTENSE CLARIFIANT 30ML,Autre,Sérums,480,760.0,1,Autre - SOS SERUM INTENSE CLARIFIANT 30ML. Sérums Format 30ml. Produit authentique.
3760019120577,SOS LOTION TONIQUE HYDRATANTE 250 ML,Autre,Soins Visage,270,480.0,2,Autre - SOS LOTION TONIQUE HYDRATANTE 250 ML. Soins Visage Format 250ml. Produit authentique.
3346020035756,RC GEL BAIN DE DOUCHE L'ORINAL +HUIL 50 ML FL1L,Autre,Fluides,0,800.0,0,Autre - RC GEL BAIN DE DOUCHE L'ORINAL +HUIL 50 ML FL1L. Fluides Format 50ml. Produit authentique.
3596490006396,RC GEL BAIN DE DOUCHE LAIT DE FIGUE 1L,Autre,Laits,0,730.0,1,Autre - RC GEL BAIN DE DOUCHE LAIT DE FIGUE 1L. Laits Produit authentique.
3596490004255,RC GEL BAIN DE DOUCHE L'ORIGINAL 400ML,Autre,Soins Visage,0,380.0,2,Autre - RC GEL BAIN DE DOUCHE L'ORIGINAL 400ML. Soins Visage Format 400ml. Produit authentique.
3596490006358,RC GEL BAIN DE DOUCHE AMANDE VERTE F1L,Autre,Soins Visage,0,730.0,2,Autre - RC GEL BAIN DE DOUCHE AMANDE VERTE F1L. Soins Visage Produit authentique.
3596490003500,RC HUILE BAIN DCHE VELUOTANTE FL250ML,Autre,Fluides,0,400.0,1,Autre - RC HUILE BAIN DCHE VELUOTANTE FL250ML. Fluides Format 250ml. Produit authentique.
3596490005078,RC HUILE BAIN DCHE VELUOTANTE FL750ML,Autre,Fluides,0,576.0,1,Autre - RC HUILE BAIN DCHE VELUOTANTE FL750ML. Fluides Format 750ml. Produit authentique.
3596490004293,RC GEL BAIN DOUCHE AMANDE VERTE 400 ML,Autre,Soins Visage,0,380.0,1,Autre - RC GEL BAIN DOUCHE AMANDE VERTE 400 ML. Soins Visage Format 400ml. Produit authentique.
3596490007652,RC SAVON NECTAR DE MIEL 200G,Autre,Soins Visage,144,230.0,9,Autre - RC SAVON NECTAR DE MIEL 200G. Soins Visage Produit authentique.
3596490007690,RC SAVON JARDIN L'ORIGINAL  200G,Autre,Soins Visage,144,230.0,8,Autre - RC SAVON JARDIN L'ORIGINAL  200G. Soins Visage Produit authentique.
3596490007669,RC SAVON ORANGIER JASMIN 200G,Autre,Soins Visage,150,240.0,8,Autre - RC SAVON ORANGIER JASMIN 200G. Soins Visage Produit authentique.
3596490007645,RC SAVON DELICE DE FIGUE 200G,Autre,Soins Visage,0,230.0,2,Autre - RC SAVON DELICE DE FIGUE 200G. Soins Visage Produit authentique.
3596490004859,RC SAVON DERMO U.H.T PAIN 100G,Autre,Soins Visage,0,160.0,1,Autre - RC SAVON DERMO U.H.T PAIN 100G. Soins Visage Produit authentique.
3596490007034,RC NETTOYANT VIGASE GOMMANT DOUX 70G,Autre,Nettoyants,0,400.0,3,Autre - RC NETTOYANT VIGASE GOMMANT DOUX 70G. Nettoyants Produit authentique.
3596490007423,RC LAIT ONCTUEUX CORPS 500ML,Autre,Laits,0,720.0,2,Autre - RC LAIT ONCTUEUX CORPS 500ML. Laits Format 500ml. Produit authentique.
3596490007409,RC CREME PERLEE CORPS 400ML,Autre,Crèmes & Baumes,450,720.0,3,Autre - RC CREME PERLEE CORPS 400ML. Crèmes & Baumes Format 400ml. Produit authentique.
3596490007362,RC CREME MAINS RICHE 50ML,Autre,Crèmes & Baumes,0,270.0,2,Autre - RC CREME MAINS RICHE 50ML. Crèmes & Baumes Format 50ml. Produit authentique.
3596490007386,RC CREME MAINS LEGERE 50ML,Autre,Crèmes & Baumes,0,270.0,2,Autre - RC CREME MAINS LEGERE 50ML. Crèmes & Baumes Format 50ml. Produit authentique.
3596490007379,RC CREME MIRACULEUSE 100ML,Autre,Crèmes & Baumes,0,360.0,1,Autre - RC CREME MIRACULEUSE 100ML. Crèmes & Baumes Format 100ml. Produit authentique.
3596490003593,RC NUTRISSANCE CREME MAINS T50ML,Autre,Crèmes & Baumes,0,210.0,2,Autre - RC NUTRISSANCE CREME MAINS T50ML. Crèmes & Baumes Format 50ml. Produit authentique.
3596490004095,RC LINGETTE ANTI-BACTERIEN,Autre,Soins Visage,0,223.0,12,Autre - RC LINGETTE ANTI-BACTERIEN. Soins Visage Produit authentique.
3596490005634,RC LINGETTE EXTR-DOUCE,Autre,Soins Visage,0,230.0,11,Autre - RC LINGETTE EXTR-DOUCE. Soins Visage Produit authentique.
3596490005610,RC LINGETTE SECHERESSE,Autre,Soins Visage,0,230.0,12,Autre - RC LINGETTE SECHERESSE. Soins Visage Produit authentique.
3596490007416,RC BEURRE FOUDANT CORPS 200ML,Autre,Soins Visage,0,580.0,2,Autre - RC BEURRE FOUDANT CORPS 200ML. Soins Visage Format 200ml. Produit authentique.
898220011780,CGN Hydrolized Collagen Peptides plus VItamin C,Autre,Soins Visage,1000,1450.0,0,Autre - CGN Hydrolized Collagen Peptides plus VItamin C. Soins Visage Produit authentique.
097467459717,NP Collagen Peptides,Autre,Soins Visage,800,1740.0,3,Autre - NP Collagen Peptides. Soins Visage Produit authentique.
898220016648,CGN Resveratol Complex,Autre,Soins Visage,350,890.0,9,Autre - CGN Resveratol Complex. Soins Visage Produit authentique.
3700281702736,TOP DA Protect Baume Emmoliant,Autre,Crèmes & Baumes,0,690.0,1,Autre - TOP DA Protect Baume Emmoliant. Crèmes & Baumes Produit authentique.
3700281702286,TOP Ultra Hydratant Lait Corps,Autre,Laits,380,630.0,1,Autre - TOP Ultra Hydratant Lait Corps. Laits Produit authentique.
076791002127,HL Hair Follicle Simulator,Autre,Soins Visage,630,980.0,1,Autre - HL Hair Follicle Simulator. Soins Visage Produit authentique.
3337875722520,VICHY Liftactiv Collagen Specialist 16  creme nuit,Autre,Crèmes & Baumes,1320,1840.0,1,Autre - VICHY Liftactiv Collagen Specialist 16  creme nuit. Crèmes & Baumes Produit authentique.
AROMACOLOR,Deodirizer Ball,Autre,Soins Visage,50,200.0,36,Autre - Deodirizer Ball. Soins Visage Produit authentique.
3282770389197,DUCRAY MELASCREN TACHE BRUNES 30ML,Autre,Soins Visage,756.9,1190.0,0,Autre - DUCRAY MELASCREN TACHE BRUNES 30ML. Soins Visage Format 30ml. Produit authentique.
3337872411991,LRP EFFACLAR GEL MOUSS 400ML,Autre,Soins Visage,456,670.0,1,Autre - LRP EFFACLAR GEL MOUSS 400ML. Soins Visage Format 400ml. Produit authentique.
3760019121642,SOS LAIT ECLAIRCISSANT ZONES SENSIBLES,Autre,Laits,430,650.0,0,Autre - SOS LAIT ECLAIRCISSANT ZONES SENSIBLES. Laits Produit authentique.
3401344502200,SVR CICAVIT CREME 100ML,Autre,Crèmes & Baumes,460,690.0,0,Autre - SVR CICAVIT CREME 100ML. Crèmes & Baumes Format 100ml. Produit authentique.
3337875734905,VICHY LIFTACTIV SERUM B3 30ML,Autre,Sérums,1070,1490.0,1,Autre - VICHY LIFTACTIV SERUM B3 30ML. Sérums Format 330ml. Produit authentique.
3337875912600,VICHY LIFTACTIVE SERUM COLLAGEN 16 30ML,Autre,Sérums,1130,1570.0,1,Autre - VICHY LIFTACTIVE SERUM COLLAGEN 16 30ML. Sérums Format 1630ml. Produit authentique.
3337875552127,LRP  LIPIKAR LAIT 400ML,Autre,Laits,520,780.0,1,Autre - LRP  LIPIKAR LAIT 400ML. Laits Format 400ml. Produit authentique.
769915190311,THE ORDINARY NIACINAMIDE 30ML,Autre,Soins Visage,450,650.0,18,Autre - THE ORDINARY NIACINAMIDE 30ML. Soins Visage Format 30ml. Produit authentique.
8470007896937,MOSEGOR 10ML,Autre,Soins Visage,400,1000.0,1,Autre - MOSEGOR 10ML. Soins Visage Format 10ml. Produit authentique.
3662361004089,SVR AMPOULE LIFT RETINOL SERUM 30ML,Autre,Sérums,1080,1680.0,1,Autre - SVR AMPOULE LIFT RETINOL SERUM 30ML. Sérums Format 30ml. Produit authentique.
7898593281851,SORALI THERAPY LISS NO FRIZZ 120G,Autre,Soins Visage,790,1080.0,1,Autre - SORALI THERAPY LISS NO FRIZZ 120G. Soins Visage Produit authentique.
7898593281806,SORALI THERAPY LISS NO FRIZZ 1KG,Autre,Soins Visage,3640,4500.0,1,Autre - SORALI THERAPY LISS NO FRIZZ 1KG. Soins Visage Produit authentique.
898220010332,CGN COLLAGENUP +HYALOR ACID+VIT C,Autre,Soins Visage,900,1330.0,2,Autre - CGN COLLAGENUP +HYALOR ACID+VIT C. Soins Visage Produit authentique.
D0004,AROMA DIFFUSER LIFT OF LEISURE 700ML,Autre,Soins Visage,300,980.0,7,Autre - AROMA DIFFUSER LIFT OF LEISURE 700ML. Soins Visage Format 700ml. Produit authentique.
3760019125909,SOS SERUM ANTI-TACHE ECLAT 30ML,Autre,Sérums,530,790.0,2,Autre - SOS SERUM ANTI-TACHE ECLAT 30ML. Sérums Format 30ml. Produit authentique.
3760019125923,SOS MELADERM CREME UNIF 50ML,Autre,Crèmes & Baumes,620,930.0,0,Autre - SOS MELADERM CREME UNIF 50ML. Crèmes & Baumes Format 50ml. Produit authentique.
3760019125886,SOS MELADERM LAIT ECLAIRCISS 150ML,Autre,Laits,480,750.0,1,Autre - SOS MELADERM LAIT ECLAIRCISS 150ML. Laits Format 150ml. Produit authentique.
3401361353625,BIO SEBIOM PORE REFINER 30ML,Bioderma,Soins Visage,460,690.0,1,Bioderma - BIO SEBIOM PORE REFINER 30ML. Soins Visage Format 30ml. Produit authentique.
3662361001934,SVR BAUME NUIT DENSITIUM 50ML,Autre,Crèmes & Baumes,1410,1970.0,1,Autre - SVR BAUME NUIT DENSITIUM 50ML. Crèmes & Baumes Format 50ml. Produit authentique.
3401360147508,BIO SEBIUM GLOBAL 30ML,Bioderma,Soins Visage,320,550.0,2,Bioderma - BIO SEBIUM GLOBAL 30ML. Soins Visage Format 30ml. Produit authentique.
3337875847292,LRP ANTHELIOS FLUIDE OIL CONTROL 50+,Autre,Fluides,470,750.0,1,Autre - LRP ANTHELIOS FLUIDE OIL CONTROL 50+. Fluides Produit authentique.
3282770112047,AVENE FLUIDE 50+ 50ML,Autre,Fluides,450,740.0,0,Autre - AVENE FLUIDE 50+ 50ML. Fluides Format 5050ml. Produit authentique.
3337875777797,LRP EFFACLAR H 40ML,Autre,Soins Visage,380,640.0,3,Autre - LRP EFFACLAR H 40ML. Soins Visage Format 40ml. Produit authentique.
3337875890021,LRP MELA B3 SERUM 30ML,Autre,Sérums,1700,1980.0,3,Autre - LRP MELA B3 SERUM 30ML. Sérums Format 330ml. Produit authentique.
3337875797467,LRP ANTHELIOS IOL CORRECT SPF50+,Autre,Protection Solaire,750,1080.0,1,Autre - LRP ANTHELIOS IOL CORRECT SPF50+. Protection Solaire Produit authentique.
3760095250274,ACM SEBIONEX GEL 200ML,Bioderma,Soins Visage,360,550.0,2,Bioderma - ACM SEBIONEX GEL 200ML. Soins Visage Format 200ml. Produit authentique.
3760095251929,ACM DEPIWHITE 500ML,Autre,Soins Visage,600,955.0,2,Autre - ACM DEPIWHITE 500ML. Soins Visage Format 500ml. Produit authentique.
3760095250441,ACM DEPIWHITE ADVANCED 40ML,Autre,Soins Visage,630,950.0,1,Autre - ACM DEPIWHITE ADVANCED 40ML. Soins Visage Format 40ml. Produit authentique.
3760095250205,ACM DEPIWHITE GEL CONTOUR LOEIL,Autre,Contours des Yeux,370,660.0,2,Autre - ACM DEPIWHITE GEL CONTOUR LOEIL. Contours des Yeux Produit authentique.
3337875814652,CERAVE CREME HYDRATANTE VISAGE SPF50,CeraVe,Crèmes & Baumes,440,660.0,1,CeraVe - CERAVE CREME HYDRATANTE VISAGE SPF50. Crèmes & Baumes Produit authentique.
3760019121734,SOS CREME SOLAIRE TRES HAUTE PROTECTION 50+0RICHE,Autre,Crèmes & Baumes,300,450.0,1,Autre - SOS CREME SOLAIRE TRES HAUTE PROTECTION 50+0RICHE. Crèmes & Baumes Produit authentique.
3760019121086,SOS CREME CLARIFIANTE NUIT 50ML,Autre,Crèmes & Baumes,570,790.0,1,Autre - SOS CREME CLARIFIANTE NUIT 50ML. Crèmes & Baumes Format 50ml. Produit authentique.
3700281702774,TOPICREM AC GEL NETTOYANT PURIFIANT,Autre,Nettoyants,260,390.0,0,Autre - TOPICREM AC GEL NETTOYANT PURIFIANT. Nettoyants Produit authentique.
3700281704471,TOPICREM CICA+ HUILE CONCENTREE 100ML,Autre,Soins Visage,430,650.0,2,Autre - TOPICREM CICA+ HUILE CONCENTREE 100ML. Soins Visage Format 100ml. Produit authentique.
8680512607144,BIOBLAS ARGAN OIL CARE 100ML,Bioderma,Soins Visage,170,250.0,1,Bioderma - BIOBLAS ARGAN OIL CARE 100ML. Soins Visage Format 100ml. Produit authentique.
3700281703296,TOP CREME AC CONTROL GEL NETTOYANT 400ML,Autre,Crèmes & Baumes,360,670.0,2,Autre - TOP CREME AC CONTROL GEL NETTOYANT 400ML. Crèmes & Baumes Format 400ml. Produit authentique.
087614018836,SWANSON HAIR SKIN & NAILS 60TAB,Autre,Soins Visage,330,690.0,5,Autre - SWANSON HAIR SKIN & NAILS 60TAB. Soins Visage Produit authentique.
898220010592,CGN CREATINE MONOHYDRATE,Autre,Soins Visage,900,1650.0,3,Autre - CGN CREATINE MONOHYDRATE. Soins Visage Produit authentique.
098220011704,CGN BIOTIN 10000mcg,Bioderma,Soins Visage,400,750.0,4,Bioderma - CGN BIOTIN 10000mcg. Soins Visage Produit authentique.
733739077585,CGN SHEA BUTTER,Autre,Soins Visage,400,600.0,3,Autre - CGN SHEA BUTTER. Soins Visage Produit authentique.
scanner,scanner machine,Autre,Soins Visage,1,500.0,496,Autre - scanner machine. Soins Visage Produit authentique.
3337875917407,LRP ANT FLUIDE ANTI-TACHES,Autre,Fluides,550,830.0,1,Autre - LRP ANT FLUIDE ANTI-TACHES. Fluides Produit authentique.
3282770203929,DUC DEXYANE BAUM 400ML,Autre,Soins Visage,650,980.0,1,Autre - DUC DEXYANE BAUM 400ML. Soins Visage Format 400ml. Produit authentique.
3282770053029,DUC DEXYANE GEL NETTOYAN 400ML,Autre,Soins Visage,470,690.0,2,Autre - DUC DEXYANE GEL NETTOYAN 400ML. Soins Visage Format 400ml. Produit authentique.
3337875663076,VICHY NORMADERM INTENSIV GEL 200ML,Autre,Soins Visage,360,540.0,1,Autre - VICHY NORMADERM INTENSIV GEL 200ML. Soins Visage Format 200ml. Produit authentique.
3337875663083,VICHY NORMADERM GEL INTENSIVE 400ML,Autre,Soins Visage,480,750.0,0,Autre - VICHY NORMADERM GEL INTENSIVE 400ML. Soins Visage Format 400ml. Produit authentique.
3282770389234,MELASCREEN CONT YEUX 15ML,Autre,Contours des Yeux,620,950.0,0,Autre - MELASCREEN CONT YEUX 15ML. Contours des Yeux Format 15ml. Produit authentique.
3700281703283,CICA CREME APAISANTE 100ML,Autre,Crèmes & Baumes,350,550.0,1,Autre - CICA CREME APAISANTE 100ML. Crèmes & Baumes Format 100ml. Produit authentique.
3662361002726,SVR SEBIACLEAR CR MAT+PORES 40ML,Autre,Soins Visage,320,540.0,2,Autre - SVR SEBIACLEAR CR MAT+PORES 40ML. Soins Visage Format 40ml. Produit authentique.
733739065124,NOW GLUCOMANNAN,Autre,Soins Visage,660,1220.0,3,Autre - NOW GLUCOMANNAN. Soins Visage Produit authentique.
810141910225,AC 10% GLYCOLIC ACID LACTIC ACID,Autre,Soins Visage,665,1240.0,4,Autre - AC 10% GLYCOLIC ACID LACTIC ACID. Soins Visage Produit authentique.
818901028487,EVL WHEY PROTEIN,Autre,Soins Visage,900,1600.0,3,Autre - EVL WHEY PROTEIN. Soins Visage Produit authentique.
898220025121,CGN VITAMIN D3 + K2,Autre,Soins Visage,200,510.0,6,Autre - CGN VITAMIN D3 + K2. Soins Visage Produit authentique.
087614170954,SWANSON OMEGA3 CONCENTRATE,Autre,Soins Visage,675,1300.0,2,Autre - SWANSON OMEGA3 CONCENTRATE. Soins Visage Produit authentique.
5999566330421,GG hydration station,Autre,Soins Visage,430,770.0,0,Autre - GG hydration station. Soins Visage Produit authentique.
5999566330292,GG A GAME RETINOL 0.1%,Autre,Soins Visage,880,1600.0,-4,Autre - GG A GAME RETINOL 0.1%. Soins Visage Produit authentique.
minoxidil,MINOXIDIL,Autre,Soins Visage,270,550.0,9,Autre - MINOXIDIL. Soins Visage Produit authentique.
X0023ETFPF,TEETH WHITENING STRIPS,Autre,Soins Visage,220,320.0,0,Autre - TEETH WHITENING STRIPS. Soins Visage Produit authentique.
3401395376874,BIODERMA CREALINE H2O 100ML,Bioderma,Eaux Micellaires,190,290.0,1,Bioderma - BIODERMA CREALINE H2O 100ML. Eaux Micellaires Format 2100ml. Produit authentique.
3701129805329,BIODERMA ATODERM CREME ULTRA,Bioderma,Crèmes & Baumes,275,450.0,0,Bioderma - BIODERMA ATODERM CREME ULTRA. Crèmes & Baumes Produit authentique.
3337875904513,CERAVE GEL CREME OIL CONTROL 52ML,CeraVe,Crèmes & Baumes,380,580.0,1,CeraVe - CERAVE GEL CREME OIL CONTROL 52ML. Crèmes & Baumes Format 52ml. Produit authentique.
3596490000066,RC SAVON L ORIGINAL 150G,Autre,Soins Visage,110,170.0,1,Autre - RC SAVON L ORIGINAL 150G. Soins Visage Produit authentique.
3662361000401,SVR VIT C AMPOUL 30ML,Autre,Soins Visage,1110,1680.0,2,Autre - SVR VIT C AMPOUL 30ML. Soins Visage Format 30ml. Produit authentique.
3337875761031,LRP ANTI AGE CORRECT SPF50+,Autre,Protection Solaire,750,1130.0,1,Autre - LRP ANTI AGE CORRECT SPF50+. Protection Solaire Produit authentique.
3760095250168,ACM NOVAPHANE,Autre,Soins Visage,570,950.0,1,Autre - ACM NOVAPHANE. Soins Visage Produit authentique.
00004444+,parfum voiture,Autre,Soins Visage,1200,2000.0,1,Autre - parfum voiture. Soins Visage Produit authentique.
868051628408,BIOBLAS CAFFEINE+GINSENG,Bioderma,Soins Visage,130,320.0,2,Bioderma - BIOBLAS CAFFEINE+GINSENG. Soins Visage Produit authentique.
3701129802069,BIODERMA ATODERM INTENSIVER BAUME T200ML,Bioderma,Crèmes & Baumes,460,690.0,2,Bioderma - BIODERMA ATODERM INTENSIVER BAUME T200ML. Crèmes & Baumes Format 200ml. Produit authentique.
3337875696548,LRP LIPIKAR AP+M 400ML,Autre,Soins Visage,655,1090.0,1,Autre - LRP LIPIKAR AP+M 400ML. Soins Visage Format 400ml. Produit authentique.
3282770205633,AVENE CICALFATE+,Autre,Soins Visage,300,550.0,2,Autre - AVENE CICALFATE+. Soins Visage Produit authentique.
3701129803721,PHOTODERM MINERALFLUIDE 50+,Autre,Fluides,1150,1750.0,0,Autre - PHOTODERM MINERALFLUIDE 50+. Fluides Produit authentique.
3282770389296,DUC MELASCREEN CREM ANTI TACHTE 50+,Autre,Soins Visage,630,975.0,0,Autre - DUC MELASCREEN CREM ANTI TACHTE 50+. Soins Visage Produit authentique.
4005800303647+,EUCERIN ANTI PIGMENT SUREM ECLAT,Autre,Soins Visage,1360,1850.0,1,Autre - EUCERIN ANTI PIGMENT SUREM ECLAT. Soins Visage Produit authentique.
3337875920582,LRP HYALU B5 SERUM,Autre,Sérums,1010,1570.0,1,Autre - LRP HYALU B5 SERUM. Sérums Produit authentique.
4066447888683,BALEA DEDERON,Autre,Soins Visage,100,120.0,0,Autre - BALEA DEDERON. Soins Visage Produit authentique.
3282770141351,DUC KERACNYL GEL NOTTOYANT 200ML,Autre,Soins Visage,370,570.0,1,Autre - DUC KERACNYL GEL NOTTOYANT 200ML. Soins Visage Format 200ml. Produit authentique.
3337872414145,LRP CICAPLAST MAINS,Autre,Soins Visage,270,550.0,1,Autre - LRP CICAPLAST MAINS. Soins Visage Produit authentique.
3337875837804,LRP CICAPLAST B5 SERUM,Autre,Sérums,990,1550.0,1,Autre - LRP CICAPLAST B5 SERUM. Sérums Produit authentique.
3337875708265,LRP EFFACLAR 200ML,Autre,Soins Visage,350,650.0,1,Autre - LRP EFFACLAR 200ML. Soins Visage Format 200ml. Produit authentique.
3662361002467,SVR CREME RICHE DENSITIUM 50ML,Autre,Crèmes & Baumes,1410,2150.0,1,Autre - SVR CREME RICHE DENSITIUM 50ML. Crèmes & Baumes Format 50ml. Produit authentique.
3662361001897,SVR GEL LAVANT TOPIALYSE 400ML,Autre,Nettoyants,410,720.0,1,Autre - SVR GEL LAVANT TOPIALYSE 400ML. Nettoyants Format 400ml. Produit authentique.
+3760095250281+,ACM SEDIONEX K,Autre,Soins Visage,600,950.0,1,Autre - ACM SEDIONEX K. Soins Visage Produit authentique.
4005800119361,EUC IOL CONTROL 50+,Autre,Soins Visage,900,1650.0,1,Autre - EUC IOL CONTROL 50+. Soins Visage Produit authentique.
850034069944,SB KERATIN RASPBERY OIL SHAMPOOI,Autre,Soins Visage,400,800.0,4,Autre - SB KERATIN RASPBERY OIL SHAMPOOI. Soins Visage Produit authentique.
716237183590,GIO ULTRA SLEEK SHAMPOO,Autre,Soins Visage,440,880.0,4,Autre - GIO ULTRA SLEEK SHAMPOO. Soins Visage Produit authentique.
813606022167,CL BODY EXFOLIATOR,Autre,Soins Visage,260,490.0,4,Autre - CL BODY EXFOLIATOR. Soins Visage Produit authentique.
4005800213052,EUC ANTI PIGMENT SOIN DE NUIT 50ML,Autre,Soins Visage,1190,1740.0,1,Autre - EUC ANTI PIGMENT SOIN DE NUIT 50ML. Soins Visage Format 50ml. Produit authentique.
4005800294808,EUC FILLER SION DE NUIT 50ML,Autre,Soins Visage,1190,1740.0,1,Autre - EUC FILLER SION DE NUIT 50ML. Soins Visage Format 50ml. Produit authentique.
4005800238963,EUC SUN PIGMENT CONTROL FLUID 50+,Autre,Fluides,740,1150.0,1,Autre - EUC SUN PIGMENT CONTROL FLUID 50+. Fluides Produit authentique.
4005800065545,EUC SUN SENSITIVE PROTECT CREME 50+,Autre,Crèmes & Baumes,680,1080.0,1,Autre - EUC SUN SENSITIVE PROTECT CREME 50+. Crèmes & Baumes Produit authentique.
